"CRASH_ID","SER_NO","CRASH_DT","CRASH_MO_NO","CRASH_DAY_NO","CRASH_YR_NO","CRASH_WK_DAY_CD","CRASH_HR_NO","CRASH_HR_SHORT_DESC","CNTY_ID","CNTY_NM","CITY_SECT_ID","CITY_SECT_NM","URB_AREA_CD","URB_AREA_SHORT_NM","FC_CD","FC_SHORT_DESC","NHS_FLG","HWY_NO","HWY_SFX_NO","HWY_MED_NM","RDWY_NO","HWY_COMPNT_CD","HWY_COMPNT_SHORT_DESC","MLGE_TYP_CD","MLGE_TYP_SHORT_DESC","RD_CON_NO","LRS_VAL","LAT_DEG_NO","LAT_MINUTE_NO","LAT_SEC_NO","LONGTD_DEG_NO","LONGTD_MINUTE_NO","LONGTD_SEC_NO","LAT_DD","LONGTD_DD","SPECL_JRSDCT_ID","SPECL_JRSDCT_SHORT_DESC","JRSDCT_GRP_CD","JRSDCT_GRP_LONG_DESC","AGY_ST_NO","ST_FULL_NM","RECRE_RD_NM","ISECT_AGY_ST_NO","ISECT_ST_FULL_NM","ISECT_RECRE_RD_NM","ISECT_SEQ_NO","FROM_ISECT_DSTNC_QTY","CMPSS_DIR_CD","MP_NO","POST_SPEED_LMT_VAL","RD_CHAR_CD","RD_CHAR_SHORT_DESC","OFF_RDWY_FLG","ISECT_TYP_CD","ISECT_TYP_SHORT_DESC","ISECT_REL_FLG","RNDABT_FLG","DRVWY_REL_FLG","LN_QTY","TURNG_LEG_QTY","MEDN_TYP_CD","MEDN_TYP_SHORT_DESC","IMPCT_LOC_CD","CRASH_TYP_CD","CRASH_TYP_SHORT_DESC","COLLIS_TYP_CD","COLLIS_TYP_SHORT_DESC","CRASH_SVRTY_CD","CRASH_SVRTY_SHORT_DESC","WTHR_COND_CD","WTHR_COND_SHORT_DESC","RD_SURF_COND_CD","RD_SURF_SHORT_DESC","LGT_COND_CD","LGT_COND_SHORT_DESC","TRAF_CNTL_DEVICE_CD","TRAF_CNTL_DEVICE_SHORT_DESC","TRAF_CNTL_FUNC_FLG","INVSTG_AGY_CD","INVSTG_AGY_SHORT_DESC","CRASH_EVNT_1_CD","CRASH_EVNT_1_SHORT_DESC","CRASH_EVNT_2_CD","CRASH_EVNT_2_SHORT_DESC","CRASH_EVNT_3_CD","CRASH_EVNT_3_SHORT_DESC","CRASH_CAUSE_1_CD","CRASH_CAUSE_1_SHORT_DESC","CRASH_CAUSE_2_CD","CRASH_CAUSE_2_SHORT_DESC","CRASH_CAUSE_3_CD","CRASH_CAUSE_3_SHORT_DESC","SCHL_ZONE_IND","WRK_ZONE_IND","SCNDRY_CRASH_IND","ALCHL_INVLV_FLG","DRUG_INVLV_FLG","MJ_INVLV_FLG","CRASH_SPEED_INVLV_FLG","CRASH_HIT_RUN_FLG","POP_RNG_CD","POP_RNG_MED_DESC","RD_CNTL_CD","RD_CNTL_MED_DESC","RTE_TYP_CD","RTE_ID","RTE_NM","REG_ID","DIST_ID","SEG_MRK_ID","SEG_PT_LRS_MEAS","UNLOCT_FLG","CRASH_LAST_UD_DT","TOT_VHCL_CNT","TOT_FATAL_CNT","TOT_INJ_LVL_A_CNT","TOT_INJ_LVL_B_CNT","TOT_INJ_LVL_C_CNT","TOT_INJ_CNT","TOT_UNINJD_AGE00_04_CNT","TOT_UNINJD_PER_CNT","TOT_PED_CNT","TOT_PED_FATAL_CNT","TOT_PED_INJ_LVL_A_CNT","TOT_PED_INJ_CNT","TOT_PEDCYCL_CNT","TOT_PEDCYCL_FATAL_CNT","TOT_PEDCYCL_INJ_LVL_A_CNT","TOT_PEDCYCL_INJ_CNT","TOT_UNKNWN_CNT","TOT_UNKNWN_FATAL_CNT","TOT_UNKNWN_INJ_CNT","TOT_OCCUP_CNT","TOT_PER_INVLV_CNT","TOT_SFTY_EQUIP_USED_QTY","TOT_SFTY_EQUIP_UNUSED_QTY","TOT_SFTY_EQUIP_USE_UNKNOWN_QTY","TOT_PSNGR_VHCL_OCC_UNRESTRND_FATAL_CNT","TOT_MCYCLST_FATAL_CNT","TOT_MCYCLST_INJ_LVL_A_CNT","TOT_MCYCLST_INJ_CNT","TOT_MCYCLST_UNHELMTD_FATAL_CNT","TOT_ALCHL_IMPAIRED_DRVR_INV_FATAL_CNT","TOT_DRVR_AGE_01_20_CNT","LANE_RDWY_DPRT_CRASH_FLG"
"1938161","03656","2021-09-09 00:00:00","09","09","2021","5","14","2P ","34","Washington","211","Tigard","57","PORTLAND UA    ","16","U MN-ART","False","","","","","","","","","","","45","26","1.220000000000000","-122","46","4.440000000000000","45.433672805423996","-122.767900482758850","","","","","00402  ","SW CENTER ST                ","","00906  ","SW GREENBURG RD             ","","1","0","9","","35","1","INTER   ","False","1","CROSS  ","False","False","False","","0","","","03","H","O-1 L-TURN","6","TURN    ","4","INJ","1","CLR ","1","DRY ","1","DAY ","004","STOP SIGN ","True","3","CITY  ","","","","","","","02","NO-YIELD","","","","","0","0","0","False","False","False","False","False","7","50,001 to 100,000","3","URBAN CITY STREET ","","","","1","02B","58_214002","","False","2022-09-21 16:01:09","2","0","0","2","0","2","0","0","0","0","0","0","0","0","0","0","0","0","0","2","2","2","0","0","0","0","0","0","0","0","1","N"
"1935536","01003","2021-10-19 00:00:00","10","19","2021","3","22","10P","10","Douglas","180","Roseburg","65","ROSEBURG UA    ","14","U PR-ART","True","","","","","","","","","","","43","12","12.360000000000000","-123","21","5.590000000000000","43.203432679021226","-123.351552062753880","","","","","01911  ","PINE ST                     ","","02226  ","SYKES AVE                   ","","1","0","9","","","1","INTER   ","False","1","CROSS  ","False","False","False","","0","","","03","B","ANGL-OTH  ","1","ANGL    ","4","INJ","3","RAIN","2","WET ","3","DARK","004","STOP SIGN ","True","5","NO RPT","059","HYDRANT   ","","","","","04","DIS SIG ","02","NO-YIELD","","","","","","False","False","False","False","False","5","10,001 to 25,000","3","URBAN CITY STREET ","","","","3","07 ","255_205438","","False","2022-09-21 15:30:58","2","0","0","0","2","2","0","4","0","0","0","0","0","0","0","0","0","0","0","6","6","6","0","0","0","0","0","0","0","0","0","N"
"1940050","00163","2021-01-25 00:00:00","01","25","2021","2","04","4A ","36","Yamhill","","","43","MCMINVL UA     ","19","U LOCAL ","False","","","","","","","","","","","45","13","11.550000000000000","-123","5","22.240000000000000","45.219874439058536","-123.089512082566610","","","","","00090  ","FLETCHER RD                 ","","","                            ","","","","0","0.86","","3","STRGHT  ","True","","","False","False","False","2","","0","NONE ","01","8","FIX OBJ   ","9","FIX     ","5","PDO","1","CLR ","4","ICE ","3","DARK","099","UNKNOWN   ","True","0","NONE  ","043","GARDRAIL  ","124","SLIPPERY  ","","","01","TOO-FAST","","","","","","","","False","False","False","True","False","","","9","SUBURBAN COUNTY ROAD","","","","2","03 ","44_25108","","False","2022-10-05 09:55:30","1","0","0","0","0","0","0","1","0","0","0","0","0","0","0","0","0","0","0","1","1","1","0","0","0","0","0","0","0","0","0","Y"
"1948755","03596","2021-09-03 00:00:00","09","03","2021","6","21","9P ","34","Washington","","","57","PORTLAND UA    ","16","U MN-ART","False","","","","","","","","","","","45","29","11.590000000000000","-122","44","53.560000000000000","45.486554121037410","-122.748211229793010","","","","","01823  ","SW OLESON RD                ","","02217  ","SW SCHOLLS FERRY RD         ","","1","0","9","","40","1","INTER   ","False","3","3-LEG  ","False","False","False","","0","","","03","H","O-1 L-TURN","6","TURN    ","5","PDO","1","CLR ","1","DRY ","2","DLIT","007","YIELD     ","True","2","COUNTY","","","","","","","02","NO-YIELD","","","","","0","0","0","False","False","False","False","False","","","9","SUBURBAN COUNTY ROAD","","","","1","02B","58_241996","","False","2022-12-12 09:23:48","2","0","0","0","0","0","0","2","0","0","0","0","0","0","0","0","0","0","0","2","2","2","0","0","0","0","0","0","0","0","0","N"
"1917803","00978","2021-03-03 00:00:00","03","03","2021","4","12","12P","26","Multnomah","242","Portland N","57","PORTLAND UA    ","16","U MN-ART","False","123","  ","NORTHEAST PORTLAND","1","0","MN","0","R","","012300100S00","45","35","12.980000000000000","-122","44","18.400000000000000","45.586940074754960","-122.738445385752610","","","","","01101  ","N IDA AVE                   ","","01432  ","N LOMBARD ST                ","","1","","9","2.26","30","1","INTER   ","False","1","CROSS  ","False","False","False","","0","","","04","B","ANGL-OTH  ","1","ANGL    ","5","PDO","1","CLR ","1","DRY ","1","DAY ","001","TRF SIGNAL","True","5","NO RPT","","","","","","","02","NO-YIELD","04","DIS SIG ","","","","","","False","False","False","False","False","9","Over 200,000","2","PORTLAND HWY SYSTEM","US","30BY ","US 30BY   ","1","02B","293_18361","","False","2022-09-21 16:56:28","2","0","0","0","0","0","0","2","0","0","0","0","0","0","0","0","0","0","0","2","2","0","0","2","0","0","0","0","0","0","0","N"
"1931022","00124","2021-02-18 00:00:00","02","18","2021","5","15","3P ","36","Yamhill","151","Newberg","49","NEWBERG UA     ","19","U LOCAL ","False","","","","","","","","","","","45","17","58.050000000000000","-122","57","47.210000000000000","45.299459199556450","-122.963114596282220","","","","","08002  ","2ND ST                      ","","00406  ","CHURCH ST                   ","","1","327","3","","","2","ALLEY   ","False","","","False","False","False","2","","0","NONE ","08","B","ANGL-OTH  ","-","BACK    ","4","INJ","3","RAIN","2","WET ","1","DAY ","099","UNKNOWN   ","True","3","CITY  ","093","CELL PHONE","","","","","40","VIEW OBS","01","TOO-FAST","27","INATTENT","","","0","False","False","False","True","False","6","25,001 to 50,000","3","URBAN CITY STREET ","","","","2","03 ","44_7756","","False","2022-09-21 15:08:07","2","0","0","0","1","1","0","1","0","0","0","0","0","0","0","0","0","0","0","2","2","2","0","0","0","0","0","0","0","0","0","N"
"1956784","02274","2021-07-30 00:00:00","07","30","2021","6","13","1P ","20","Lane","64","Eugene","25","EUGN-SPR UA    ","16","U MN-ART","False","","","","","","","","","","","44","2","43.850000000000000","-123","6","1.240000000000000","44.045513106288980","-123.100343380882250","","","","","02706  ","WASHINGTON ST               ","","05013  ","13TH AVE                    ","","1","0","9","","","1","INTER   ","False","3","3-LEG  ","False","False","False","","0","","","02","D","S-1TURN   ","6","TURN    ","5","PDO","1","CLR ","1","DRY ","1","DAY ","022","L-GRN-SIG ","True","5","NO RPT","","","","","","","14","DIS TCD ","","","","","","","","False","False","False","False","False","8","100,001 to 200,000","3","URBAN CITY STREET ","","","","2","05 ","277_9019","","False","2023-02-02 05:41:27","2","0","0","0","0","0","0","2","0","0","0","0","0","0","0","0","0","0","0","2","2","0","0","2","0","0","0","0","0","0","0","N"
"1922824","02343","2021-07-13 00:00:00","07","13","2021","3","16","4P ","24","Marion","110","Keizer","67","SALEM-KZ UA    ","14","U PR-ART","True","001","  ","PACIFIC","1","6","CN","0","R","2","0001PN100S00","45","0","20.260000000000000","-122","59","58.880000000000000","45.005626852749980","-122.999687570479310","","","","","00427  ","CHEMAWA RD                  ","","00107  ","STADIUM DR                  ","","1","","3","260.05","","3","STRGHT  ","False","","","False","False","False","4","","0","NONE ","06","E","S-1STOP   ","3","REAR    ","4","INJ","1","CLR ","1","DRY ","1","DAY ","099","UNKNOWN   ","True","3","CITY  ","","","","","","","29","F AVOID ","","","","","0","0","","False","False","False","False","False","6","25,001 to 50,000","4","URBAN HWY SYSTEM","IS","5    ","I-5       ","2","03 ","293_1355","","False","2022-09-21 14:44:19","2","0","0","0","1","1","0","1","0","0","0","0","0","0","0","0","0","0","0","2","2","1","0","1","0","0","0","0","0","0","0","N"
"1959409","02577","2021-09-14 00:00:00","09","14","2021","3","16","4P ","20","Lane","200","Springfield","25","EUGN-SPR UA    ","16","U MN-ART","False","","","","","","","","","","","44","3","30.320000000000000","-123","0","2.010000000000000","44.058420898893445","-123.000558644247820","","","","","01517  ","MOHAWK BLVD                 ","","08016  ","16TH ST                     ","","1","0","9","","","1","INTER   ","False","3","3-LEG  ","False","False","True","","0","","","02","H","O-1 L-TURN","6","TURN    ","5","PDO","1","CLR ","1","DRY ","1","DAY ","004","STOP SIGN ","True","0","NONE  ","","","","","","","08","IMP-TURN","02","NO-YIELD","","","","","","False","False","False","False","False","7","50,001 to 100,000","3","URBAN CITY STREET ","","","","2","05 ","277_24789","","False","2023-02-17 09:06:36","2","0","0","0","0","0","0","2","0","0","0","0","0","0","0","0","0","0","0","2","2","2","0","0","0","0","0","0","0","0","0","N"
"1916744","00178","2021-03-01 00:00:00","03","01","2021","2","99","UNK","18","Klamath","","","35","KLAM FLS UA    ","17","U MJ-COL","False","","","","","","","","","","","42","12","22.560000000000000","-121","43","21.740000000000000","42.206265467537620","-121.722706106586950","","","","","00830  ","HOMEDALE RD                 ","","","                            ","","","","0","8.31","35","3","STRGHT  ","False","","","False","False","False","2","","0","NONE ","03","E","S-1STOP   ","3","REAR    ","4","INJ","1","CLR ","1","DRY ","2","DLIT","001","TRF SIGNAL","True","2","COUNTY","","","","","","","29","F AVOID ","","","","","0","0","0","True","False","False","False","True","","","9","SUBURBAN COUNTY ROAD","","","","4","11 ","49_4311","","False","2022-02-14 18:36:33","2","0","0","0","1","1","0","1","0","0","0","0","0","0","0","0","0","0","0","2","2","0","0","2","0","0","0","0","0","0","0","N"
"1936595","00140","2021-05-22 00:00:00","05","22","2021","7","17","5P ","33","Wasco","210","The Dalles","81","THE DLLS UA    ","16","U MN-ART","False","","","","","","","","","","","45","35","41.070000000000000","-121","10","0.560000000000000","45.594741567691790","-121.166821292314270","","","","","00601  ","DRY HOLLOW RD               ","","08010  ","10TH ST                     ","","1","0","9","","","1","INTER   ","False","1","CROSS  ","False","False","False","","0","","","04","B","ANGL-OTH  ","1","ANGL    ","4","INJ","0","UNK ","2","WET ","1","DAY ","004","STOP SIGN ","True","5","NO RPT","040","CURB      ","062","TREE      ","","","04","DIS SIG ","","","","","","","","False","False","False","False","False","5","10,001 to 25,000","3","URBAN CITY STREET ","","","","4","09 ","26_33001241","","False","2022-09-21 16:00:38","2","0","0","1","0","1","0","1","0","0","0","0","0","0","0","0","0","0","0","2","2","1","0","1","0","0","0","0","0","0","0","N"
"1943734","00948","2021-11-20 00:00:00","11","20","2021","7","08","8A ","30","Umatilla","","","","","06","R MN-ART","False","330","  ","WESTON-ELGIN","1","0","MN","0","R","","033000100S00","45","47","30.370000000000000","-118","17","36.020000000000000","45.791769452526054","-118.293339242758930","","","","","","                            ","","","                            ","","","","0","8","55","3","STRGHT  ","False","","","False","False","False","2","","0","NONE ","00","0","NON-COLL  ","8","NCOL    ","5","PDO","2","CLD ","4","ICE ","4","DAWN","099","UNKNOWN   ","True","4","UNK   ","124","SLIPPERY  ","","","","","01","TOO-FAST","","","","","0","0","0","False","False","False","True","False","","","5","RURAL HWY SYSTEM","OR","204  ","OR 204    ","5","12 ","293_215","","False","2022-10-30 07:19:47","1","0","0","0","0","0","0","7","0","0","0","0","0","0","0","0","0","0","0","7","7","7","0","0","0","0","0","0","0","0","0","N"
"1936933","01515","2021-11-05 00:00:00","11","05","2021","6","17","5P ","22","Linn","","","1","ALBANY UA      ","11","U INTRST","True","001","  ","PACIFIC","2","0","MN","0","R","","000100200S00","44","41","55.270000000000000","-123","3","6.550000000000000","44.698684983351410","-123.051819969016330","","","","","","                            ","","","                            ","","","","0","238","65","3","STRGHT  ","False","","","False","False","False","2","","2","DIVMD","04","E","S-1STOP   ","3","REAR    ","4","INJ","2","CLD ","1","DRY ","5","DUSK","000","NONE      ","True","1","STATE ","092","PHANTOM   ","","","","","07","TOO-CLOS","30","SPEED   ","","","0","0","0","False","False","False","True","False","","","8","SUBURBAN HWY SYSTEM","IS","5    ","I-5       ","2","04 ","293_2713","","False","2022-09-11 21:29:51","2","0","0","0","2","2","0","1","0","0","0","0","0","0","0","0","0","0","0","3","3","3","0","0","0","0","0","0","0","0","0","N"
"1934139","01176","2021-07-27 00:00:00","07","27","2021","3","08","8A ","09","Deschutes","","","","","07","R MJ-COL","False","","","","","","","","","","","44","6","35.300000000000000","-121","15","13.410000000000000","44.109805756925900","-121.253724331654740","","","","","03181  ","DESCHUTES MKT RD            ","","08691  ","MARGARET LN                 ","","1","4","1","","55","3","STRGHT  ","True","","","False","False","False","2","","0","NONE ","07","8","FIX OBJ   ","9","FIX     ","4","INJ","0","UNK ","1","DRY ","1","DAY ","099","UNKNOWN   ","True","2","COUNTY","079","DITCH     ","","","","","17","ILLNESS ","","","","","","","","False","False","False","False","False","","","6","RURAL COUNTY ROAD","","","","4","10 ","11_10005215","","False","2022-08-16 19:34:33","1","0","0","0","1","1","0","0","0","0","0","0","0","0","0","0","0","0","0","1","1","1","0","0","0","0","0","0","0","0","0","Y"
"1956953","02448","2021-12-01 00:00:00","12","01","2021","4","16","4P ","15","Jackson","","","44","MEDFORD UA     ","16","U MN-ART","False","","","","","","","","","","","42","25","38.290000000000000","-122","51","3.680000000000000","42.427302874444145","-122.851021584207340","","","","","00867  ","ANTELOPE RD                 ","","","                            ","","","","0","1.78","","2","ALLEY   ","False","","","False","False","False","2","","0","NONE ","03","H","O-1 L-TURN","6","TURN    ","5","PDO","3","RAIN","2","WET ","1","DAY ","099","UNKNOWN   ","True","5","NO RPT","","","","","","","08","IMP-TURN","02","NO-YIELD","","","","","","False","False","False","False","False","","","9","SUBURBAN COUNTY ROAD","","","","3","08 ","142_4706","","False","2023-02-02 05:42:16","2","0","0","0","0","0","0","2","0","0","0","0","0","0","0","0","0","0","0","2","2","0","0","2","0","0","0","0","0","0","0","N"
"1941278","02706","2021-12-26 00:00:00","12","26","2021","1","13","1P ","15","Jackson","","","","","06","R MN-ART","False","022","  ","CRATER LAKE","1","0","MN","0","R","","002200100S00","42","54","36.220000000000000","-122","26","26.120000000000000","42.910061250458420","-122.440587661884310","","","","","","                            ","","","                            ","","","","0","56.3","55","3","STRGHT  ","True","","","False","False","False","2","","0","NONE ","01","8","FIX OBJ   ","9","FIX     ","5","PDO","6","SNOW","4","ICE ","1","DAY ","099","UNKNOWN   ","True","5","NO RPT","077","SNO BANK  ","","","","","01","TOO-FAST","","","","","","","","False","False","False","True","False","","","5","RURAL HWY SYSTEM","OR","62   ","OR 62     ","3","08 ","293_22762","","False","2022-10-16 17:37:23","2","0","0","0","0","0","0","2","0","0","0","0","0","0","0","0","0","0","0","2","2","0","0","2","0","0","0","0","0","0","0","Y"
"1947358","02560","2021-06-30 00:00:00","06","30","2021","4","06","6A ","34","Washington","92","Hillsboro","57","PORTLAND UA    ","16","U MN-ART","False","","","","","","","","","","","45","31","17.150000000000000","-122","57","49.680000000000000","45.521430647185944","-122.963801355699740","","","","","01501  ","E MAIN ST                   ","","05018  ","SE 18TH AVE                 ","","2","16","3","","35","3","STRGHT  ","False","","","False","False","True","2","","0","NONE ","06","D","S-1TURN   ","6","TURN    ","5","PDO","1","CLR ","1","DRY ","1","DAY ","009","CURVE     ","True","3","CITY  ","","","","","","","02","NO-YIELD","06","IMP-OVER","","","0","0","0","False","False","False","False","False","8","100,001 to 200,000","3","URBAN CITY STREET ","","","","1","02B","58_234184","","False","2022-12-04 16:11:47","2","0","0","0","0","0","0","2","0","0","0","0","0","0","0","0","0","0","0","2","2","2","0","0","0","0","0","0","0","0","0","N"
"1953160","05031","2021-11-17 00:00:00","11","17","2021","4","20","8P ","34","Washington","","","57","PORTLAND UA    ","19","U LOCAL ","False","","","","","","","","","","","45","34","9.320000000000000","-122","50","19.790000000000000","45.569255851786060","-122.838831789329800","","","","","00266  ","NW BRUGGER RD               ","","05158  ","NW 158TH AVE                ","","1","0","9","","25","1","INTER   ","False","1","CROSS  ","False","False","False","","0","","","03","C","S-STRGHT  ","3","REAR    ","5","PDO","1","CLR ","1","DRY ","2","DLIT","099","UNKNOWN   ","True","2","COUNTY","","","","","","","30","SPEED   ","07","TOO-CLOS","","","","","0","False","False","False","True","False","","","9","SUBURBAN COUNTY ROAD","","","","1","02B","58_244461","","False","2023-01-12 09:39:17","2","0","0","0","0","0","0","2","0","0","0","0","0","0","0","0","0","0","0","2","2","2","0","0","0","0","0","0","0","0","0","N"
"1916913","00861","2021-03-22 00:00:00","03","22","2021","2","20","8P ","24","Marion","184","Salem","67","SALEM-KZ UA    ","14","U PR-ART","True","","","","","","","","","","","44","52","27.040000000000000","-123","1","31.200000000000000","44.874177875948680","-123.025333387502470","","","","","00455  ","COMMERCIAL ST SE            ","","00833  ","FABRY RD SE                 ","","1","185","8","","","3","STRGHT  ","False","","","True","False","False","4","","0","NONE ","08","E","S-1STOP   ","3","REAR    ","4","INJ","2","CLD ","1","DRY ","5","DUSK","099","UNKNOWN   ","True","3","CITY  ","","","","","","","27","INATTENT","29","F AVOID ","","","0","0","","False","False","False","False","False","8","100,001 to 200,000","3","URBAN CITY STREET ","","","","2","03 ","53_10004943","","False","2022-09-21 15:32:06","2","0","0","0","1","1","0","1","0","0","0","0","0","0","0","0","0","0","0","2","2","2","0","0","0","0","0","0","0","0","1","N"
"1950873","01364","2021-07-20 00:00:00","07","20","2021","3","17","5P ","15","Jackson","","","44","MEDFORD UA     ","16","U MN-ART","False","","","","","","","","","","","42","24","17.140000000000000","-122","53","8.760000000000000","42.404760463465740","-122.885766648299260","","","","","00947  ","ORR DR                      ","","","                            ","","","","0","0.02","","2","ALLEY   ","False","","","False","False","False","2","","0","NONE ","03","B","ANGL-OTH  ","6","TURN    ","5","PDO","1","CLR ","1","DRY ","1","DAY ","099","UNKNOWN   ","True","5","NO RPT","","","","","","","08","IMP-TURN","02","NO-YIELD","","","","","","False","False","False","False","False","","","9","SUBURBAN COUNTY ROAD","","","","3","08 ","142_4592","","False","2022-12-29 08:36:44","2","0","0","0","0","0","0","2","0","0","0","0","0","0","0","0","0","0","0","2","2","0","0","2","0","0","0","0","0","0","0","N"
"1945300","04491","2021-10-21 00:00:00","10","21","2021","5","16","4P ","34","Washington","92","Hillsboro","57","PORTLAND UA    ","14","U PR-ART","True","","","","","","","","","","","45","31","30.680000000000000","-122","58","15.140000000000000","45.525189615405590","-122.970872737895470","","","","","00405  ","NE CORNELL RD               ","","01202  ","NE JACKSON ST               ","","1","75","2","","","3","STRGHT  ","False","","","False","False","False","4","","0","NONE ","08","C","S-STRGHT  ","5","SS-O    ","5","PDO","3","RAIN","2","WET ","1","DAY ","099","UNKNOWN   ","True","0","NONE  ","","","","","","","13","IMP LN C","","","","","","","","False","False","False","False","False","8","100,001 to 200,000","3","URBAN CITY STREET ","","","","1","02B","58_203327","","False","2022-11-12 10:16:58","2","0","0","0","0","0","0","2","0","0","0","0","0","0","0","0","0","0","0","2","2","1","0","1","0","0","0","0","0","0","0","N"
"1930853","01838","2021-09-23 00:00:00","09","23","2021","5","15","3P ","15","Jackson","132","Medford","44","MEDFORD UA     ","16","U MN-ART","False","","","","","","","","","","","42","19","48.050000000000000","-122","53","24.690000000000000","42.330013598034800","-122.890192055385820","","","","","00417  ","COLUMBUS AVE                ","","01024  ","HUMPHREY ST                 ","","1","0","9","","35","1","INTER   ","False","4","4-LEG  ","False","False","False","","0","","","01","E","S-1STOP   ","3","REAR    ","4","INJ","1","CLR ","1","DRY ","1","DAY ","099","UNKNOWN   ","True","3","CITY  ","013","FORCED    ","","","","","07","TOO-CLOS","","","","","0","0","","False","False","False","False","False","7","50,001 to 100,000","3","URBAN CITY STREET ","","","","3","08 ","142_12253","","False","2022-09-21 15:01:10","3","0","0","1","3","4","0","1","0","0","0","0","0","0","0","0","0","0","0","5","5","5","0","0","0","0","0","0","0","0","0","N"
"1922486","01380","2021-04-17 00:00:00","04","17","2021","7","14","2P ","34","Washington","92","Hillsboro","57","PORTLAND UA    ","16","U MN-ART","False","","","","","","","","","","","45","32","3.930000000000000","-122","52","40.460000000000000","45.534424458864734","-122.877904882747950","","","","","02214  ","NW STUCKI AVE               ","","02504  ","NW VENETIAN DR              ","","1","0","5","","","1","INTER   ","False","3","3-LEG  ","False","False","False","","0","","","06","E","S-1STOP   ","3","REAR    ","4","INJ","1","CLR ","1","DRY ","1","DAY ","099","UNKNOWN   ","True","0","NONE  ","","","","","","","29","F AVOID ","","","","","","","","False","False","False","False","False","8","100,001 to 200,000","3","URBAN CITY STREET ","","","","1","02B","58_221335","","False","2023-04-26 07:52:12","2","0","0","1","0","1","0","2","0","0","0","0","0","0","0","0","0","0","0","3","3","3","0","0","0","0","0","0","0","0","0","N"
"1959240","01405","2021-10-20 00:00:00","10","20","2021","4","19","7P ","22","Linn","118","Lebanon","39","LEBANON UA     ","14","U PR-ART","True","016","  ","SANTIAM","1","0","MN","0","R","","001600100S00","44","31","8.480000000000000","-122","54","4.670000000000000","44.519021409475430","-122.901297551825730","","","","","02202  ","SANTIAM HY                  ","","01507  ","MARKET ST                   ","","1","","8","14.78","35","3","STRGHT  ","False","","","False","False","False","4","","0","NONE ","06","C","S-STRGHT  ","5","SS-O    ","5","PDO","1","CLR ","1","DRY ","2","DLIT","099","UNKNOWN   ","True","0","NONE  ","","","","","","","13","IMP LN C","","","","","","","","False","False","False","False","False","5","10,001 to 25,000","4","URBAN HWY SYSTEM","US","20   ","US 20     ","2","04 ","293_13286","","False","2023-02-17 09:05:44","2","0","0","0","0","0","0","2","0","0","0","0","0","0","0","0","0","0","0","2","2","1","0","1","0","0","0","0","0","0","0","N"
"1915516","01601","2021-04-05 00:00:00","04","05","2021","2","18","6P ","26","Multnomah","247","Portland SW","57","PORTLAND UA    ","12","U FWY/XP","True","047","  ","SUNSET","2","0","MN","0","R","","004700200S00","45","30","32.830000000000000","-122","43","49.190000000000000","45.509119849961760","-122.730330016945460","","","","","02950  ","WB SUNSET HY                ","","09610  ","WB EX SKYLINE BV C4         ","","1","","3","71.58","50","3","STRGHT  ","False","","","False","False","False","7","","1","RSDMD","07","E","S-1STOP   ","3","REAR    ","4","INJ","1","CLR ","1","DRY ","1","DAY ","099","UNKNOWN   ","True","5","NO RPT","","","","","","","13","IMP LN C","","","","","","","","False","False","False","False","False","9","Over 200,000","2","PORTLAND HWY SYSTEM","US","26   ","US 26     ","1","02B","293_6577","","False","2022-09-21 16:58:27","2","0","0","0","2","2","0","1","0","0","0","0","0","0","0","0","0","0","0","3","3","2","0","1","0","0","0","0","0","0","0","N"
"1958181","03807","2021-12-29 00:00:00","12","29","2021","4","22","10P","20","Lane","36","Coburg","25","EUGN-SPR UA    ","16","U MN-ART","False","","","","","","","","","","","44","8","13.480000000000000","-123","3","29.640000000000000","44.137076726154994","-123.058232487840260","","","","","01902  ","PEARL ST                    ","","02203  ","STUART WAY                  ","","1","0","9","","35","1","INTER   ","False","3","3-LEG  ","False","False","False","","0","","","01","D","S-1TURN   ","6","TURN    ","5","PDO","1","CLR ","2","WET ","2","DLIT","090","L-TURN REF","True","3","CITY  ","","","","","","","07","TOO-CLOS","08","IMP-TURN","02","NO-YIELD","0","0","","False","False","False","False","False","2","1,001 to 2,500","3","URBAN CITY STREET ","","","","2","05 ","277_742","","False","2023-02-09 05:45:44","2","0","0","0","0","0","0","2","0","0","0","0","0","0","0","0","0","0","0","2","2","2","0","0","0","0","0","0","0","0","0","N"
"1921596","03318","2021-11-02 00:00:00","11","02","2021","3","07","7A ","03","Clackamas","230","West Linn","57","PORTLAND UA    ","11","U INTRST","True","064","  ","EAST PORTLAND FREEWAY","2","0","MN","0","R","","006400200S00","45","21","50.210000000000000","-122","36","22.400000000000000","45.363946335899506","-122.606223318659830","","","","","00705  ","EAST PORTLAND FY            ","","09204  ","WB EX WILLAMETTE            ","","1","","7","9","55","3","STRGHT  ","False","","","False","False","False","4","","1","RSDMD","04","E","S-1STOP   ","3","REAR    ","5","PDO","2","CLD ","1","DRY ","1","DAY ","000","NONE      ","True","1","STATE ","","","","","","","27","INATTENT","29","F AVOID ","","","0","0","0","False","False","False","False","False","6","25,001 to 50,000","4","URBAN HWY SYSTEM","IS","205  ","I-205     ","1","02B","293_5802","","False","2023-06-12 18:14:00","2","0","0","0","0","0","0","3","0","0","0","0","0","0","0","0","0","0","0","3","3","3","0","0","0","0","0","0","0","0","0","N"
"1928735","02093","2021-04-27 00:00:00","04","27","2021","3","10","10A","26","Multnomah","83","Gresham","57","PORTLAND UA    ","16","U MN-ART","False","","","","","","","","","","","45","31","8.960000000000000","-122","29","47.210000000000000","45.519156132824420","-122.496446514683140","","","","","02218  ","STARK ST                    ","","05162  ","162ND AVE                   ","","1","0","9","","","1","INTER   ","False","1","CROSS  ","False","False","False","","0","","","02","B","ANGL-OTH  ","1","ANGL    ","4","INJ","1","CLR ","1","DRY ","1","DAY ","001","TRF SIGNAL","True","3","CITY  ","013","FORCED    ","","","","","04","DIS SIG ","","","","","0","0","0","False","False","False","False","False","8","100,001 to 200,000","3","URBAN CITY STREET ","","","","1","02B","58_116020","","False","2022-09-21 14:31:20","4","0","0","1","0","1","0","4","0","0","0","0","0","0","0","0","0","0","0","5","5","3","0","2","0","0","0","0","0","0","0","N"
"1944962","01670","2021-05-06 00:00:00","05","06","2021","5","16","4P ","34","Washington","18","Beaverton","57","PORTLAND UA    ","14","U PR-ART","True","040","  ","BEAVERTON-HILLSDALE","1","0","MN","0","R","","004000100S00","45","29","10.740000000000000","-122","45","52.770000000000000","45.486316526996106","-122.764658939312920","","","","","00206  ","SW BEAV-HILLSDALE HY        ","","01910  ","SW POPLAR ST                ","","1","","7","2.38","35","3","STRGHT  ","False","","","False","False","False","4","","0","NONE ","07","C","S-STRGHT  ","3","REAR    ","5","PDO","2","CLD ","1","DRY ","1","DAY ","099","UNKNOWN   ","True","3","CITY  ","","","","","","","33","RECKLESS","","","","","0","0","0","True","False","False","False","False","7","50,001 to 100,000","4","URBAN HWY SYSTEM","OR","10   ","OR 10     ","1","02B","293_12163","","False","2022-11-09 15:03:49","2","0","0","0","0","0","0","2","0","0","0","0","0","0","0","0","0","0","0","2","2","0","0","2","0","0","0","0","0","0","0","N"
"1947587","00395","2021-05-05 00:00:00","05","05","2021","4","16","4P ","10","Douglas","","","65","ROSEBURG UA    ","11","U INTRST","True","001","  ","PACIFIC","1","0","MN","0","R","","000100100S00","43","12","38.310000000000000","-123","21","19.970000000000000","43.210640618420100","-123.355546706391000","","","","","","                            ","","","                            ","","","","0","123.88","60","7","GRADE   ","True","","","False","False","False","3","","1","RSDMD","07","8","FIX OBJ   ","9","FIX     ","5","PDO","1","CLR ","1","DRY ","1","DAY ","017","MEDIAN BAR","True","1","STATE ","128","CURVE INV ","119","JERSEY BAR","","","27","INATTENT","","","","","0","0","","False","False","False","False","False","","","8","SUBURBAN HWY SYSTEM","IS","5    ","I-5       ","3","07 ","293_3354","","False","2022-12-06 13:31:46","1","0","0","0","0","0","0","1","0","0","0","0","0","0","0","0","0","0","0","1","1","1","0","0","0","0","0","0","0","0","0","Y"
"1928397","00011","2021-01-02 00:00:00","01","02","2021","7","09","9A ","34","Washington","18","Beaverton","57","PORTLAND UA    ","16","U MN-ART","False","","","","","","","","","","","45","31","46.760000000000000","-122","50","35.110000000000000","45.529655442539250","-122.843085541972300","","","","","00322  ","NW BETHANY BLVD             ","","00432  ","NW CORNELL RD               ","","1","0","9","","","1","INTER   ","False","1","CROSS  ","False","False","False","","1","","","04","B","ANGL-OTH  ","6","TURN    ","4","INJ","3","RAIN","2","WET ","1","DAY ","001","TRF SIGNAL","True","3","CITY  ","013","FORCED    ","","","","","32","CARELESS","04","DIS SIG ","","","0","0","0","False","False","False","False","False","7","50,001 to 100,000","3","URBAN CITY STREET ","","","","1","02B","58_218537","","False","2022-09-21 13:36:26","3","0","0","1","1","2","0","1","0","0","0","0","0","0","0","0","0","0","0","3","3","3","0","0","0","0","0","0","0","0","0","N"
"1955387","00598","2021-03-07 00:00:00","03","07","2021","1","13","1P ","03","Clackamas","","","","","06","R MN-ART","False","","","","","","","","","","","45","21","3.980000000000000","-122","26","26.710000000000000","45.351104206627525","-122.440752925985630","","","","","22772  ","S SPRINGWATER RD-22228      ","","","                            ","","","","0","4.46","","3","STRGHT  ","False","","","True","False","False","2","","0","NONE ","03","E","S-1STOP   ","3","REAR    ","5","PDO","3","RAIN","2","WET ","1","DAY ","099","UNKNOWN   ","True","0","NONE  ","124","SLIPPERY  ","","","","","29","F AVOID ","","","","","","","","False","False","False","False","False","","","6","RURAL COUNTY ROAD","","","","1","02C","58_315300","","False","2023-01-30 06:24:31","2","0","0","0","0","0","0","4","0","0","0","0","0","0","0","0","0","0","0","4","4","3","0","1","0","0","0","0","0","0","0","N"
"1924942","00224","2021-09-17 00:00:00","09","17","2021","6","14","2P ","07","Crook","","","59","PRINEVL UA     ","17","U MJ-COL","False","","","","","","","","","","","44","17","12.120000000000000","-120","49","1.450000000000000","44.286700187734010","-120.817069535274710","","","","","00214  ","JUNIPER CANYON RD           ","","","                            ","","","","0","0.06","55","3","STRGHT  ","False","","","False","False","False","2","","0","NONE ","07","&","OVERTURN  ","8","NCOL    ","4","INJ","1","CLR ","1","DRY ","1","DAY ","099","UNKNOWN   ","True","2","COUNTY","092","PHANTOM   ","","","","","26","PHANTOM ","","","","","","","0","True","False","False","False","False","","","9","SUBURBAN COUNTY ROAD","","","","4","10 ","54_1686","","False","2022-05-23 20:28:16","1","0","0","1","0","1","0","0","0","0","0","0","0","0","0","0","0","0","0","1","1","1","0","0","0","0","0","0","0","0","0","Y"
"1919369","00680","2021-03-21 00:00:00","03","21","2021","1","07","7A ","20","Lane","","","","","06","R MN-ART","False","","","","","","","","","","","44","10","30.700000000000000","-123","9","51.090000000000000","44.175195517991890","-123.164191665476340","","","","","110000 ","RIVER RD                    ","","313500 ","RIVERVIEW DR                ","","1","7","5","4.24","","3","STRGHT  ","True","","","False","False","False","2","","0","NONE ","00","8","FIX OBJ   ","9","FIX     ","4","INJ","2","CLD ","1","DRY ","4","DAWN","099","UNKNOWN   ","True","2","COUNTY","053","POLE UTL  ","087","FIRE/EXP  ","","","16","FATIGUE ","","","","","0","0","","False","False","False","False","False","","","6","RURAL COUNTY ROAD","","","","2","05 ","277_50019","","False","2022-03-20 21:52:56","1","0","0","1","0","1","0","0","0","0","0","0","0","0","0","0","0","0","0","1","1","0","1","0","0","0","0","0","0","0","0","Y"
"1947756","00265","2021-04-14 00:00:00","04","14","2021","4","13","1P ","30","Umatilla","165","Pilot Rock","","","07","R MJ-COL","False","","","","","","","","","","","45","29","8.120000000000000","-118","49","48.160000000000000","45.485588678413390","-118.830044304911660","","","","","00304  ","NE CHERRY ST                ","","08204  ","NE 4TH ST                   ","","1","","9","","25","1","INTER   ","False","3","3-LEG  ","False","False","False","","0","","","03","B","ANGL-OTH  ","6","TURN    ","5","PDO","1","CLR ","1","DRY ","1","DAY ","004","STOP SIGN ","True","3","CITY  ","","","","","","","40","VIEW OBS","27","INATTENT","","","0","0","0","False","False","False","False","False","2","1,001 to 2,500","7","RURAL CITY STREET ","","","","5","12 ","40_30006106","","False","2022-12-06 13:32:01","2","0","0","0","0","0","0","2","0","0","0","0","0","0","0","0","0","0","0","2","2","2","0","0","0","0","0","0","0","0","0","N"
"1921427","05715","2021-09-18 00:00:00","09","18","2021","7","23","11P","26","Multnomah","247","Portland SW","57","PORTLAND UA    ","12","U FWY/XP","True","047","  ","SUNSET","2","0","MN","0","R","","004700200S00","45","30","31.740000000000000","-122","44","6.000000000000000","45.508815635382250","-122.735001005411370","","","","","02950  ","WB SUNSET HY                ","","09616  ","WB EX-EN CANYON RD          ","","1","","2","71.35","55","3","STRGHT  ","False","","","False","False","False","6","","1","RSDMD","07","E","S-1STOP   ","3","REAR    ","4","INJ","3","RAIN","2","WET ","2","DLIT","017","MEDIAN BAR","True","0","NONE  ","","","","","","","27","INATTENT","29","F AVOID ","","","","","","False","False","False","False","False","9","Over 200,000","2","PORTLAND HWY SYSTEM","US","26   ","US 26     ","1","02B","293_6576","","False","2022-09-21 16:58:27","2","0","0","3","0","3","0","0","0","0","0","0","0","0","0","0","0","0","0","3","3","3","0","0","0","0","0","0","0","0","1","N"
"1929794","01949","2021-07-15 00:00:00","07","15","2021","5","13","1P ","20","Lane","","","","","07","R MJ-COL","False","","","","","","","","","","","44","3","13.660000000000000","-122","49","32.830000000000000","44.053793671506950","-122.825785627591770","","","","","105800 ","DEERHORN RD                 ","","105200 ","FAWN WY                     ","","1","17","3","0.3","55","7","GRADE   ","False","","","False","False","False","2","","0","NONE ","05","G","O-STRGHT  ","4","SS-M    ","4","INJ","1","CLR ","1","DRY ","1","DAY ","099","UNKNOWN   ","True","2","COUNTY","128","CURVE INV ","","","","","05","LEFT-CTR","","","","","0","0","0","False","False","False","False","True","","","6","RURAL COUNTY ROAD","","","","2","05 ","277_29441","","False","2022-07-16 16:24:17","2","0","0","1","0","1","0","4","0","0","0","0","0","0","0","0","0","0","0","5","5","4","0","1","0","0","0","0","0","0","0","Y"
"1936764","01209","2021-04-05 00:00:00","04","05","2021","2","13","1P ","34","Washington","215","Tualatin","57","PORTLAND UA    ","14","U PR-ART","False","001","  ","PACIFIC","1","6","CN","0","R","2","0001RL100S00","45","22","57.600000000000000","-122","45","13.870000000000000","45.382665335503276","-122.753852054964910","","","","","01701  ","SW NYBERG ST                ","","09304  ","SB EX NYBERG ST C4          ","","1","","7","289.57","30","3","STRGHT  ","False","","","True","False","False","5","","1","RSDMD","05","E","S-1STOP   ","3","REAR    ","4","INJ","1","CLR ","1","DRY ","1","DAY ","001","TRF SIGNAL","True","3","CITY  ","003","BUG INTF  ","","","","","29","F AVOID ","27","INATTENT","","","0","0","","False","False","False","False","False","6","25,001 to 50,000","4","URBAN HWY SYSTEM","IS","5    ","I-5       ","1","02B","293_4617","","False","2023-02-10 09:18:05","2","0","0","1","0","1","0","1","0","0","0","0","0","0","0","0","0","0","0","2","2","2","0","0","0","0","0","0","0","0","0","N"
"1951872","00799","2021-08-22 00:00:00","08","22","2021","1","23","11P","17","Josephine","80","Grants Pass","31","GRNTS PS UA    ","17","U MJ-COL","False","","","","","","","","","","","42","25","39.120000000000000","-123","20","55.760000000000000","42.427533332681300","-123.348822221972440","","","","","00804  ","FAIRVIEW AVE                ","","02302  ","TERRY LN                    ","","1","","0","","25","3","STRGHT  ","True","","","False","False","False","2","","0","NONE ","00","2","PRKD MV   ","5","SS-O    ","5","PDO","1","CLR ","1","DRY ","2","DLIT","099","UNKNOWN   ","True","3","CITY  ","","","","","","","30","SPEED   ","","","","","0","0","","False","True","False","True","False","6","25,001 to 50,000","3","URBAN CITY STREET ","","","","3","08 ","142_21972","","True","2023-01-04 20:06:08","2","0","0","0","0","0","0","1","0","0","0","0","0","0","0","0","0","0","0","1","1","1","0","0","0","0","0","0","0","0","0","Y"
"1954497","01769","2021-07-01 00:00:00","07","01","2021","5","15","3P ","20","Lane","64","Eugene","25","EUGN-SPR UA    ","16","U MN-ART","False","","","","","","","","","","","44","1","2.410000000000000","-123","4","44.030000000000000","44.017336336300040","-123.078896849461330","","","","","00117  ","E AMAZON DR                 ","","05036  ","36TH AVE                    ","","1","0","9","","","1","INTER   ","False","3","3-LEG  ","False","False","False","","0","","","03","E","S-1STOP   ","3","REAR    ","5","PDO","1","CLR ","1","DRY ","1","DAY ","004","STOP SIGN ","True","0","NONE  ","","","","","","","29","F AVOID ","","","","","","","","False","False","False","False","False","8","100,001 to 200,000","3","URBAN CITY STREET ","","","","2","05 ","277_13793","","False","2023-01-21 07:25:59","2","0","0","0","0","0","0","2","0","0","0","0","0","0","0","0","0","0","0","2","2","1","0","1","0","0","0","0","0","0","0","N"
"1947527","02484","2021-06-25 00:00:00","06","25","2021","6","09","9A ","34","Washington","211","Tigard","57","PORTLAND UA    ","16","U MN-ART","False","","","","","","","","","","","45","24","15.440000000000000","-122","46","27.450000000000000","45.404288300509790","-122.774291561456820","","","","","00606  ","SW DURHAM RD                ","","00106  ","SW ALDERBROOK DR            ","","1","200","7","","30","3","STRGHT  ","False","","","False","False","False","2","","0","NONE ","08","E","S-1STOP   ","3","REAR    ","5","PDO","1","CLR ","1","DRY ","1","DAY ","099","UNKNOWN   ","True","3","CITY  ","","","","","","","07","TOO-CLOS","","","","","0","0","","False","False","False","False","False","7","50,001 to 100,000","3","URBAN CITY STREET ","","","","1","02B","58_215652","","False","2022-12-04 16:12:41","2","0","0","0","0","0","0","2","0","0","0","0","0","0","0","0","0","0","0","2","2","2","0","0","0","0","0","0","0","0","0","N"
"1958241","03330","2021-08-16 00:00:00","08","16","2021","2","14","2P ","34","Washington","","","","","06","R MN-ART","False","037","  ","WILSON RIVER","1","0","MN","0","R","","003700100S00","45","36","32.770000000000000","-123","6","48.500000000000000","45.609103459744600","-123.113471137196600","","","","","","                            ","","","                            ","","","","0","49.13","55","3","STRGHT  ","False","","","False","False","False","2","","0","NONE ","04","D","S-1TURN   ","6","TURN    ","5","PDO","1","CLR ","1","DRY ","1","DAY ","099","UNKNOWN   ","True","3","CITY  ","","","","","","","02","NO-YIELD","","","","","","","0","False","False","False","False","False","","","5","RURAL HWY SYSTEM","OR","6    ","OR 6      ","2","01 ","293_6521","","False","2023-04-24 14:00:46","2","0","0","0","0","0","0","2","0","0","0","0","0","0","0","0","0","0","0","2","2","2","0","0","0","0","0","0","0","0","0","N"
"1935367","03644","2021-11-28 00:00:00","11","28","2021","1","02","2A ","03","Clackamas","160","Oregon City","57","PORTLAND UA    ","16","U MN-ART","False","","","","","","","","","","","45","21","23.800000000000000","-122","36","20.030000000000000","45.356611547853994","-122.605563460290170","","","","","08007  ","7TH ST                      ","","00405  ","CENTER ST                   ","","1","94","4","","25","3","STRGHT  ","True","","","False","False","False","2","","0","NONE ","08","8","FIX OBJ   ","9","FIX     ","4","INJ","1","CLR ","2","WET ","2","DLIT","099","UNKNOWN   ","True","3","CITY  ","054","ST LIGHT  ","","","","","16","FATIGUE ","","","","","0","0","","False","False","False","False","False","6","25,001 to 50,000","3","URBAN CITY STREET ","","","","1","02B","58_313926","","False","2022-09-21 15:18:33","1","0","0","0","1","1","0","0","0","0","0","0","0","0","0","0","0","0","0","1","1","1","0","0","0","0","0","0","0","0","1","Y"
"1958012","00314","2021-05-02 00:00:00","05","02","2021","1","19","7P ","30","Umatilla","218","Umatilla","33","HERMSTON UA    ","14","U PR-ART","True","002","  ","COLUMBIA RIVER","1","0","MN","0","R","","000200100S00","45","54","58.200000000000000","-119","21","0.130000000000000","45.916167304113905","-119.350036082715150","","","","","08006  ","6TH ST                      ","","00201  ","B ST                        ","","1","","9","182.71","25","1","INTER   ","True","1","CROSS  ","False","False","False","","0","","","04","8","FIX OBJ   ","9","FIX     ","5","PDO","1","CLR ","1","DRY ","5","DUSK","004","STOP SIGN ","True","3","CITY  ","058","OTH SIGN  ","062","TREE      ","","","08","IMP-TURN","","","","","0","0","0","False","False","False","False","False","4","5,001 to 10,000","4","URBAN HWY SYSTEM","US","730  ","US 730    ","5","12 ","293_17443","","False","2023-02-09 05:44:59","1","0","0","0","0","0","0","2","0","0","0","0","0","0","0","0","0","0","0","2","2","2","0","0","0","0","0","0","0","0","0","N"
"1924052","00581","2021-09-14 00:00:00","09","14","2021","3","07","7A ","06","Coos","39","Coos Bay","17","COOS BAY UA    ","16","U MN-ART","False","","","","","","","","","","","43","23","30.120000000000000","-124","16","22.740000000000000","43.391700550695180","-124.272983795083260","","","","","00405  ","CAMMANN ST                  ","","01703  ","NEWMARK AVE                 ","","1","0","3","","30","1","INTER   ","False","1","CROSS  ","False","False","False","","0","","","05","G","O-STRGHT  ","4","SS-M    ","4","INJ","1","CLR ","1","DRY ","1","DAY ","099","UNKNOWN   ","True","3","CITY  ","","","","","","","05","LEFT-CTR","","","","","","","0","False","False","False","False","False","5","10,001 to 25,000","3","URBAN CITY STREET ","","","","3","07 ","41_6003325","","False","2022-09-21 13:49:14","2","0","0","1","1","2","0","2","0","0","0","0","0","0","0","0","0","0","0","4","4","3","1","0","0","0","0","0","0","0","0","N"
"1915347","00059","2021-03-01 00:00:00","03","01","2021","2","18","6P ","05","Columbia","","","","","02","R PR-ART","True","092","  ","LOWER COLUMBIA RIVER","1","0","MN","0","R","","009200100S00","46","6","11.820000000000000","-123","10","27.200000000000000","46.103284263404090","-123.174223608504390","","","","","","                            ","","","                            ","","","","0","60","55","7","GRADE   ","False","","","False","False","False","3","","0","NONE ","05","C","S-STRGHT  ","5","SS-O    ","4","INJ","2","CLD ","1","DRY ","3","DARK","000","NONE      ","True","1","STATE ","","","","","","","06","IMP-OVER","","","","","0","0","0","True","False","False","False","True","","","5","RURAL HWY SYSTEM","US","30   ","US 30     ","2","01 ","293_11565","","False","2022-01-27 18:06:47","2","0","0","1","2","3","0","0","0","0","0","0","0","0","0","0","0","0","0","3","3","2","0","1","0","0","0","0","0","0","0","N"
"1942506","00255","2021-02-14 00:00:00","02","14","2021","1","23","11P","15","Jackson","","","","","01","R INTRST","True","001","  ","PACIFIC","2","0","MN","0","R","","000100200S00","42","4","11.600000000000000","-122","36","11.220000000000000","42.069889494771466","-122.603115955571100","","","","","","                            ","","","                            ","","","","0","5.12","55","7","GRADE   ","True","","","False","False","False","4","","2","DIVMD","01","8","FIX OBJ   ","9","FIX     ","5","PDO","6","SNOW","3","SNO ","3","DARK","099","UNKNOWN   ","True","1","STATE ","124","SLIPPERY  ","020","JACKNIFE  ","043","GARDRAIL  ","01","TOO-FAST","","","","","0","0","","False","False","False","True","False","","","5","RURAL HWY SYSTEM","IS","5    ","I-5       ","3","08 ","293_9359","","False","2022-10-24 08:23:14","1","0","0","0","0","0","0","1","0","0","0","0","0","0","0","0","0","0","0","1","1","1","0","0","0","0","0","0","0","0","0","Y"
"1937992","04466","2021-10-20 00:00:00","10","20","2021","4","13","1P ","34","Washington","18","Beaverton","57","PORTLAND UA    ","14","U PR-ART","True","029","  ","TUALATIN VALLEY","1","0","MN","0","R","","002900100S00","45","29","25.360000000000000","-122","49","58.030000000000000","45.490377285470950","-122.832786509951790","","","","","02303  ","SW TUALATIN VALLEY HY       ","","07153  ","SW 153RD DR                 ","","1","","9","4.9","45","1","INTER   ","False","3","3-LEG  ","False","False","False","","0","","","01","B","ANGL-OTH  ","6","TURN    ","4","INJ","2","CLD ","1","DRY ","1","DAY ","001","TRF SIGNAL","True","3","CITY  ","","","","","","","04","DIS SIG ","","","","","","","0","False","False","False","False","False","7","50,001 to 100,000","4","URBAN HWY SYSTEM","OR","8    ","OR 8      ","1","02B","293_20684","","False","2022-09-21 13:36:26","2","0","0","2","0","2","0","0","0","0","0","0","0","0","0","0","0","0","0","2","2","2","0","0","0","0","0","0","0","0","0","N"
"1948248","02767","2021-07-14 00:00:00","07","14","2021","4","12","12P","34","Washington","","","57","PORTLAND UA    ","17","U MJ-COL","False","","","","","","","","","","","45","29","47.880000000000000","-122","52","52.050000000000000","45.496633825302310","-122.881125267704860","","","","","00112  ","SW ALEXANDER ST             ","","05198  ","SW 198TH AVE                ","","1","0","9","","","1","INTER   ","False","1","CROSS  ","False","False","False","","0","","","02","H","O-1 L-TURN","6","TURN    ","5","PDO","1","CLR ","1","DRY ","1","DAY ","004","STOP SIGN ","True","2","COUNTY","","","","","","","08","IMP-TURN","02","NO-YIELD","","","0","0","0","False","False","False","False","False","","","9","SUBURBAN COUNTY ROAD","","","","1","02B","58_207861","","False","2022-12-12 09:21:06","2","0","0","0","0","0","0","2","0","0","0","0","0","0","0","0","0","0","0","2","2","1","0","1","0","0","0","0","0","0","0","N"
"1918802","00203","2021-04-28 00:00:00","04","28","2021","4","16","4P ","23","Malheur","159","Ontario","53","ONTARIO UA     ","14","U PR-ART","True","493","  ","ONTARIO SPUR","1","0","MN","0","R","","049300100S00","44","1","29.100000000000000","-116","56","20.830000000000000","44.024749913734700","-116.939119676474740","","","","","01101  ","IDAHO AVE                   ","","00701  ","EAST LN                     ","","1","","3","28.21","35","3","STRGHT  ","False","","","True","False","False","4","","1","RSDMD","05","C","S-STRGHT  ","3","REAR    ","4","INJ","1","CLR ","1","DRY ","1","DAY ","099","UNKNOWN   ","True","3","CITY  ","","","","","","","33","RECKLESS","","","","","0","0","0","False","False","False","False","False","5","10,001 to 25,000","4","URBAN HWY SYSTEM","US","30   ","US 30     ","5","14 ","293_57","","False","2022-09-21 15:18:09","2","0","0","1","0","1","0","2","0","0","0","0","0","0","0","0","0","0","0","3","3","3","0","0","0","0","0","0","0","0","1","N"
"1939051","02769","2021-10-03 00:00:00","10","03","2021","1","17","5P ","20","Lane","","","25","EUGN-SPR UA    ","19","U LOCAL ","False","","","","","","","","","","","44","6","39.340000000000000","-123","8","28.740000000000000","44.110927806441524","-123.141317048357240","","","","","323100 ","DAHLIA LN A                 ","","323200 ","LOBELIA AVE                 ","","1","1","1","1.9","","3","STRGHT  ","False","","","False","False","False","2","","0","NONE ","05","G","O-STRGHT  ","2","HEAD    ","4","INJ","1","CLR ","1","DRY ","1","DAY ","099","UNKNOWN   ","True","0","NONE  ","","","","","","","06","IMP-OVER","","","","","","","","False","False","False","False","False","","","9","SUBURBAN COUNTY ROAD","","","","2","05 ","277_20756","","False","2022-09-27 22:00:16","2","0","0","0","1","1","0","1","0","0","0","0","0","0","0","0","0","0","0","2","2","2","0","0","0","0","0","0","0","0","1","N"
"1945131","00274","2021-04-03 00:00:00","04","03","2021","7","18","6P ","17","Josephine","80","Grants Pass","31","GRNTS PS UA    ","16","U MN-ART","False","","","","","","","","","","","42","26","26.080000000000000","-123","21","0.950000000000000","42.440578922232960","-123.350264150700340","","","","","00235  ","SW BAYOU PL                 ","","00901  ","SW G ST                     ","","1","0","9","","30","1","INTER   ","False","3","3-LEG  ","False","False","False","","0","","","02","D","S-1TURN   ","3","REAR    ","4","INJ","2","CLD ","1","DRY ","1","DAY ","004","STOP SIGN ","True","3","CITY  ","","","","","","","07","TOO-CLOS","","","","","0","0","","False","False","False","False","False","6","25,001 to 50,000","3","URBAN CITY STREET ","","","","3","08 ","142_19411","","False","2022-11-09 15:04:29","2","0","0","2","1","3","0","3","0","0","0","0","0","0","0","0","0","0","0","6","6","5","1","0","0","0","0","0","0","0","1","N"
"1944733","01062","2021-04-08 00:00:00","04","08","2021","5","09","9A ","24","Marion","184","Salem","67","SALEM-KZ UA    ","14","U PR-ART","True","","","","","","","","","","","44","53","17.660000000000000","-123","2","0.890000000000000","44.888238948739400","-123.033579976691910","","","","","00455  ","COMMERCIAL ST SE            ","","01338  ","KEGLERS LN SE               ","","1","183","8","","","3","STRGHT  ","False","","","False","False","False","4","","0","NONE ","07","C","S-STRGHT  ","3","REAR    ","5","PDO","1","CLR ","1","DRY ","1","DAY ","099","UNKNOWN   ","True","0","NONE  ","","","","","","","29","F AVOID ","","","","","","","","False","False","False","False","False","8","100,001 to 200,000","3","URBAN CITY STREET ","","","","2","03 ","53_10009352","","False","2022-11-08 04:59:05","2","0","0","0","0","0","0","2","0","0","0","0","0","0","0","0","0","0","0","2","2","0","0","2","0","0","0","0","0","0","0","N"
"1928964","02158","2021-04-29 00:00:00","04","29","2021","5","11","11A","26","Multnomah","243","Portland NE","57","PORTLAND UA    ","14","U PR-ART","True","","","","","","","","","","","45","32","44.990000000000000","-122","35","43.190000000000000","45.545829686987950","-122.595330172177060","","","","","02210  ","NE SANDY BLVD               ","","05066  ","NE 66TH AVE                 ","","1","0","9","","","1","INTER   ","False","1","CROSS  ","False","False","False","","0","","","04","B","ANGL-OTH  ","6","TURN    ","4","INJ","1","CLR ","1","DRY ","1","DAY ","004","STOP SIGN ","True","5","NO RPT","","","","","","","02","NO-YIELD","","","","","","","","False","False","False","False","False","9","Over 200,000","1","PORTLAND CITY STREET","","","","1","02B","58_110042","","False","2022-09-21 16:56:53","2","0","0","1","0","1","0","1","0","0","0","0","0","0","0","0","0","0","0","2","2","1","0","1","0","0","0","0","0","0","0","N"
"1942844","00712","2021-02-18 00:00:00","02","18","2021","5","23","11P","24","Marion","","","67","SALEM-KZ UA    ","11","U INTRST","False","001","  ","PACIFIC","1","6","CN","0","R","2","0001PT100S00","45","2","58.760000000000000","-122","58","16.110000000000000","45.049655655264340","-122.971141896248800","","","","","","                            ","","","                            ","","","","9","263.57","","1","INTER   ","False","1","CROSS  ","False","False","False","","0","","","04","B","ANGL-OTH  ","6","TURN    ","5","PDO","2","CLD ","2","WET ","3","DARK","004","STOP SIGN ","True","1","STATE ","","","","","","","02","NO-YIELD","","","","","","","","True","False","False","False","False","","","8","SUBURBAN HWY SYSTEM","IS","5    ","I-5       ","2","03 ","293_4370","","False","2022-10-26 08:04:00","2","0","0","0","0","0","0","4","0","0","0","0","0","0","0","0","0","0","0","4","4","2","0","2","0","0","0","0","0","0","0","N"
"1920030","03257","2021-06-16 00:00:00","06","16","2021","4","15","3P ","26","Multnomah","243","Portland NE","57","PORTLAND UA    ","11","U INTRST","True","002","  ","COLUMBIA RIVER","2","0","MN","0","R","","000200200S00","45","31","47.920000000000000","-122","38","47.290000000000000","45.529978117738710","-122.646470363713660","","","","","00305  ","BANFIELD FY                 ","","09510  ","WB EXTO HOLLADAY C1         ","","1","","3","1.26","55","3","STRGHT  ","False","","","False","False","False","6","","1","RSDMD","06","E","S-1STOP   ","3","REAR    ","5","PDO","1","CLR ","1","DRY ","1","DAY ","017","MEDIAN BAR","True","0","NONE  ","","","","","","","29","F AVOID ","","","","","","","","False","False","False","False","False","9","Over 200,000","2","PORTLAND HWY SYSTEM","IS","84   ","I-84      ","1","02B","293_3919","","False","2022-09-21 16:56:53","2","0","0","0","0","0","0","2","0","0","0","0","0","0","0","0","0","0","0","2","2","1","0","1","0","0","0","0","0","0","0","N"
"1926339","01057","2021-01-09 00:00:00","01","09","2021","7","99","UNK","26","Multnomah","243","Portland NE","57","PORTLAND UA    ","11","U INTRST","True","001","  ","PACIFIC","1","0","MN","0","R","","000100100S00","45","31","46.330000000000000","-122","39","55.320000000000000","45.529534865381000","-122.665367548817510","","","","","00302  ","PACIFIC HY I-5              ","","09436  ","SB EX BANFIELD FY           ","","1","","1","301.95","50","3","STRGHT  ","False","","","False","False","False","6","","1","RSDMD","07","C","S-STRGHT  ","3","REAR    ","5","PDO","1","CLR ","1","DRY ","1","DAY ","017","MEDIAN BAR","True","0","NONE  ","","","","","","","29","F AVOID ","","","","","","","","False","False","False","False","False","9","Over 200,000","2","PORTLAND HWY SYSTEM","IS","5    ","I-5       ","1","02B","293_2886","","False","2022-09-21 16:56:53","2","0","0","0","0","0","0","4","0","0","0","0","0","0","0","0","0","0","0","4","4","3","0","1","0","0","0","0","0","0","0","N"
"1960299","00066","2021-01-26 00:00:00","01","26","2021","3","12","12P","36","Yamhill","","","","","06","R MN-ART","False","032","  ","THREE RIVERS","1","0","MN","0","R","","003200100S00","45","5","59.640000000000000","-123","44","27.160000000000000","45.099901027523465","-123.740877869343420","","","","","","                            ","","","                            ","","","","0","14.2","55","5","CURVE   ","True","","","False","False","False","2","","0","NONE ","01","8","FIX OBJ   ","9","FIX     ","5","PDO","6","SNOW","3","SNO ","1","DAY ","099","UNKNOWN   ","True","3","CITY  ","079","DITCH     ","010","SUB OTRN  ","","","05","LEFT-CTR","","","","","0","0","0","False","False","False","False","False","","","5","RURAL HWY SYSTEM","OR","22   ","OR 22     ","2","04 ","293_10560","","False","2023-02-23 06:06:14","1","0","0","0","0","0","0","1","0","0","0","0","0","0","0","0","0","0","0","1","1","1","0","0","0","0","0","0","0","0","0","Y"
"1914457","90250","2021-01-22 00:00:00","01","22","2021","6","17","5P ","34","Washington","18","Beaverton","57","PORTLAND UA    ","12","U FWY/XP","True","144","  ","BEAVERTON-TIGARD","2","0","MN","0","R","","014400200S00","45","27","57.570000000000000","-122","47","9.800000000000000","45.465990976005210","-122.786055379302760","","","","","00214  ","SW BEAV-TIGARD HY           ","","09216  ","NB EX DENNY RD C4           ","","1","","0","3.28","55","3","STRGHT  ","False","","","False","False","False","3","","1","RSDMD","06","E","S-1STOP   ","3","REAR    ","4","INJ","2","CLD ","1","DRY ","3","DARK","099","UNKNOWN   ","True","3","CITY  ","","","","","","","07","TOO-CLOS","","","","","0","0","0","False","False","False","False","False","7","50,001 to 100,000","4","URBAN HWY SYSTEM","OR","217  ","OR 217    ","1","02B","293_6911","","False","2022-09-21 13:36:26","2","0","0","0","1","1","0","1","0","0","0","0","0","0","0","0","0","0","0","2","2","1","0","1","0","0","0","0","0","0","0","N"
"1954726","05845","2021-12-24 00:00:00","12","24","2021","6","16","4P ","34","Washington","","","57","PORTLAND UA    ","17","U MJ-COL","False","","","","","","","","","","","45","29","7.740000000000000","-122","52","1.930000000000000","45.485484638200220","-122.867202452792770","","","","","01316  ","SW KINNAMAN RD              ","","05185  ","SW 185TH AVE                ","","1","0","9","","","1","INTER   ","False","1","CROSS  ","False","False","False","","0","","","04","J","O-OTHER   ","6","TURN    ","5","PDO","3","RAIN","2","WET ","1","DAY ","022","L-GRN-SIG ","True","2","COUNTY","","","","","","","04","DIS SIG ","02","NO-YIELD","","","0","0","0","False","False","False","False","False","","","9","SUBURBAN COUNTY ROAD","","","","1","02B","58_208910","","False","2023-01-21 07:27:03","2","0","0","0","0","0","0","2","0","0","0","0","0","0","0","0","0","0","0","2","2","2","0","0","0","0","0","0","0","0","0","N"
"1954388","00203","2021-07-07 00:00:00","07","07","2021","4","17","5P ","05","Columbia","182","St. Helens","73","ST HELEN UA    ","16","U MN-ART","False","","","","","","","","","","","45","50","50.300000000000000","-122","49","7.690000000000000","45.847305807015120","-122.818804143105920","","","","","01802  ","OLD PORTLAND RD             ","","01905  ","PORT AVE                    ","","1","0","2","","","1","INTER   ","False","3","3-LEG  ","False","False","False","","0","","","06","C","S-STRGHT  ","3","REAR    ","5","PDO","1","CLR ","1","DRY ","1","DAY ","004","STOP SIGN ","True","5","NO RPT","092","PHANTOM   ","","","","","26","PHANTOM ","29","F AVOID ","","","","","","False","False","False","False","False","5","10,001 to 25,000","3","URBAN CITY STREET ","","","","2","01 ","34_800699","","False","2023-01-21 07:25:28","2","0","0","0","0","0","0","3","0","0","0","0","0","0","0","0","0","0","0","3","3","3","0","0","0","0","0","0","0","0","0","N"
"1915914","00116","2021-03-06 00:00:00","03","06","2021","7","11","11A","21","Lincoln","120","Lincoln City","41","LINC CTY UA    ","14","U PR-ART","True","009","  ","OREGON COAST","1","0","MN","0","R","","000900100S00","44","59","50.060000000000000","-123","59","58.990000000000000","44.997238550240270","-123.999719572077270","","","","","01807  ","OREGON COAST HY             ","","02602  ","WEST DEVILS LAKE RD         ","","1","","6","112.5","45","3","STRGHT  ","False","","","False","False","False","2","","0","NONE ","03","C","S-STRGHT  ","3","REAR    ","4","INJ","1","CLR ","1","DRY ","1","DAY ","000","NONE      ","True","3","CITY  ","092","PHANTOM   ","","","","","07","TOO-CLOS","","","","","0","0","0","False","False","False","False","False","5","10,001 to 25,000","4","URBAN HWY SYSTEM","US","101  ","US 101    ","2","04 ","293_13503","","False","2022-09-21 14:53:01","2","0","0","0","1","1","0","2","0","0","0","0","0","0","0","0","0","0","0","3","3","3","0","0","0","0","0","0","0","0","0","N"
"1947249","01061","2021-11-05 00:00:00","11","05","2021","6","09","9A ","36","Yamhill","126","McMinnville","43","MCMINVL UA     ","14","U PR-ART","True","091","  ","PACIFIC HIGHWAY WEST","1","0","MN","0","R","","009100100S00","45","13","45.330000000000000","-123","10","14.500000000000000","45.229259158092240","-123.170694018558120","","","","","01901  ","PACIFIC HY 99W              ","","00908  ","GRANDHAVEN ST               ","","1","","9","35.48","40","1","INTER   ","False","1","CROSS  ","False","False","False","","0","","","02","B","ANGL-OTH  ","1","ANGL    ","5","PDO","2","CLD ","2","WET ","1","DAY ","001","TRF SIGNAL","True","3","CITY  ","013","FORCED    ","","","","","04","DIS SIG ","","","","","0","0","0","False","False","False","False","False","6","25,001 to 50,000","4","URBAN HWY SYSTEM","OR","99W  ","OR 99W    ","2","03 ","293_12953","","False","2022-12-01 11:52:11","2","0","0","0","0","0","0","2","0","0","0","0","0","0","0","0","0","0","0","2","2","2","0","0","0","0","0","0","0","0","0","N"
"1950644","04347","2021-07-25 00:00:00","07","25","2021","1","21","9P ","26","Multnomah","83","Gresham","57","PORTLAND UA    ","16","U MN-ART","False","","","","","","","","","","","45","32","29.720000000000000","-122","29","44.660000000000000","45.541588017886200","-122.495738966531130","","","","","02110  ","NE RUSSELL ST               ","","05162  ","NE 162ND AVE                ","","1","0","9","","","1","INTER   ","False","1","CROSS  ","False","False","False","","0","","","02","B","ANGL-OTH  ","6","TURN    ","5","PDO","1","CLR ","1","DRY ","2","DLIT","004","STOP SIGN ","True","0","NONE  ","","","","","","","03","PAS-STOP","","","","","","","","False","False","False","False","False","8","100,001 to 200,000","3","URBAN CITY STREET ","","","","1","02B","58_135119","","False","2022-12-23 15:14:08","2","0","0","0","0","0","0","2","0","0","0","0","0","0","0","0","0","0","0","2","2","0","0","2","0","0","0","0","0","0","0","N"
"1923053","01447","2021-03-29 00:00:00","03","29","2021","2","06","6A ","26","Multnomah","243","Portland NE","57","PORTLAND UA    ","16","U MN-ART","False","","","","","","","","","","","45","32","6.210000000000000","-122","39","23.660000000000000","45.535057849151800","-122.656571612031140","","","","","00267  ","NE BROADWAY ST              ","","05009  ","NE 9TH AVE                  ","","1","0","3","","","1","INTER   ","False","1","CROSS  ","False","False","False","","0","","","06","E","S-1STOP   ","3","REAR    ","4","INJ","1","CLR ","1","DRY ","4","DAWN","001","TRF SIGNAL","True","5","NO RPT","","","","","","","29","F AVOID ","","","","","","","","False","False","False","False","False","9","Over 200,000","1","PORTLAND CITY STREET","","","","1","02B","58_111605","","False","2022-09-21 16:56:53","2","0","0","0","2","2","0","1","0","0","0","0","0","0","0","0","0","0","0","3","3","2","0","1","0","0","0","0","0","0","0","N"
"1932141","02088","2021-08-01 00:00:00","08","01","2021","1","16","4P ","34","Washington","18","Beaverton","57","PORTLAND UA    ","17","U MJ-COL","False","","","","","","","","","","","45","29","35.900000000000000","-122","49","17.940000000000000","45.493306668861730","-122.821650980244610","","","","","01529  ","SW MILLIKAN WAY             ","","05141  ","SW 141ST AVE                ","","1","0","9","","","1","INTER   ","False","1","CROSS  ","False","False","False","","0","","","04","B","ANGL-OTH  ","1","ANGL    ","4","INJ","1","CLR ","1","DRY ","1","DAY ","004","STOP SIGN ","True","3","CITY  ","058","OTH SIGN  ","","","","","03","PAS-STOP","","","","","0","0","0","False","False","False","False","False","7","50,001 to 100,000","3","URBAN CITY STREET ","","","","1","02B","58_208261","","False","2022-09-21 13:36:26","2","0","0","0","1","1","0","1","0","0","0","0","0","0","0","0","0","0","0","2","2","2","0","0","0","0","0","0","0","0","1","N"
"1943903","00765","2021-08-12 00:00:00","08","12","2021","5","17","5P ","36","Yamhill","","","","","02","R PR-ART","True","091","  ","PACIFIC HIGHWAY WEST","1","0","MN","0","R","","009100100S00","45","15","37.370000000000000","-123","1","38.790000000000000","45.260380907646756","-123.027442301640260","","","","","","                            ","","","                            ","","","","0","27.42","55","3","STRGHT  ","True","","","False","False","False","2","","2","DIVMD","05","8","FIX OBJ   ","9","FIX     ","5","PDO","2","CLD ","1","DRY ","1","DAY ","000","NONE      ","True","1","STATE ","079","DITCH     ","","","","","13","IMP LN C","","","","","0","0","0","False","False","False","False","False","","","5","RURAL HWY SYSTEM","OR","99W  ","OR 99W    ","2","03 ","293_28009","","False","2022-11-01 07:43:50","1","0","0","0","0","0","0","1","0","0","0","0","0","0","0","0","0","0","0","1","1","1","0","0","0","0","0","0","0","0","0","N"
"1949476","03272","2021-10-31 00:00:00","10","31","2021","1","11","11A","03","Clackamas","160","Oregon City","57","PORTLAND UA    ","17","U MJ-COL","False","","","","","","","","","","","45","21","36.270000000000000","-122","36","6.440000000000000","45.360074749179360","-122.601789775920360","","","","","08012  ","12TH ST                     ","","02605  ","WASHINGTON ST               ","","1","60","8","","","3","STRGHT  ","False","","","False","False","False","2","","0","NONE ","08","I","O-1STOP   ","-","BACK    ","5","PDO","1","CLR ","1","DRY ","1","DAY ","099","UNKNOWN   ","True","5","NO RPT","","","","","","","10","OTHR-IMP","","","","","","","","False","False","False","False","False","6","25,001 to 50,000","3","URBAN CITY STREET ","","","","1","02B","58_313356","","False","2022-12-19 06:08:40","2","0","0","0","0","0","0","2","0","0","0","0","0","0","0","0","0","0","0","2","2","1","0","1","0","0","0","0","0","0","0","N"
"1957843","00299","2021-01-10 00:00:00","01","10","2021","1","13","1P ","20","Lane","","","","","02","R PR-ART","True","009","  ","OREGON COAST","1","0","MN","0","R","","000900100S00","44","3","55.110000000000000","-124","5","53.340000000000000","44.065309304798360","-124.098148842120600","","","","","","                            ","","","                            ","","","","0","183.9","55","7","GRADE   ","True","","","False","False","False","2","","0","NONE ","06","8","FIX OBJ   ","9","FIX     ","5","PDO","1","CLR ","1","DRY ","1","DAY ","099","UNKNOWN   ","True","4","UNK   ","022","CN BROKE  ","062","TREE      ","080","OBJ FRM MV","01","TOO-FAST","05","LEFT-CTR","","","","","","False","False","False","True","False","","","5","RURAL HWY SYSTEM","US","101  ","US 101    ","2","05 ","293_17209","","False","2023-02-09 05:44:11","2","0","0","0","0","0","0","4","0","0","0","0","0","0","0","0","0","0","0","4","4","3","0","1","0","0","0","0","0","0","0","Y"
"1929456","00138","2021-07-19 00:00:00","07","19","2021","2","11","11A","31","Union","","","","","01","R INTRST","True","006","  ","OLD OREGON TRAIL","1","0","MN","0","R","","000600100S00","45","8","48.490000000000000","-117","58","16.220000000000000","45.146802737102360","-117.971171306168630","","","","","","                            ","","","                            ","","","","0","277","70","7","GRADE   ","False","","","False","False","False","2","","2","DIVMD","02","&","OVERTURN  ","8","NCOL    ","4","INJ","8","SMOK","1","DRY ","1","DAY ","099","UNKNOWN   ","True","1","STATE ","085","WIND GUST ","043","GARDRAIL  ","021","TRL OTRN  ","12","OTHER   ","","","","","0","0","0","False","False","False","False","False","","","5","RURAL HWY SYSTEM","IS","84   ","I-84      ","5","13 ","293_5375","","False","2022-07-09 20:37:54","1","0","0","0","1","1","0","4","0","0","0","0","0","0","0","0","0","0","0","5","5","5","0","0","0","0","0","0","0","0","0","N"
"1952270","05772","2021-09-21 00:00:00","09","21","2021","3","16","4P ","26","Multnomah","243","Portland NE","57","PORTLAND UA    ","14","U PR-ART","True","","","","","","","","","","","45","32","2.520000000000000","-122","37","29.690000000000000","45.534033839934715","-122.624913536029480","","","","","02210  ","NE SANDY BLVD               ","","05037  ","NE 37TH AVE                 ","","2","0","9","","","1","INTER   ","False","4","4-LEG  ","False","False","False","","0","","","01","B","ANGL-OTH  ","1","ANGL    ","5","PDO","1","CLR ","1","DRY ","1","DAY ","001","TRF SIGNAL","True","0","NONE  ","","","","","","","04","DIS SIG ","","","","","","","","False","False","False","False","False","9","Over 200,000","1","PORTLAND CITY STREET","","","","1","02B","58_136221","","False","2023-01-04 20:08:09","2","0","0","0","0","0","0","4","0","0","0","0","0","0","0","0","0","0","0","4","4","3","0","1","0","0","0","0","0","0","0","N"
"1923883","01523","2021-06-06 00:00:00","06","06","2021","1","19","7P ","03","Clackamas","160","Oregon City","57","PORTLAND UA    ","14","U PR-ART","True","064","  ","EAST PORTLAND FREEWAY","1","3","FR","0","R","","0064AW100S00","45","22","24.740000000000000","-122","35","11.390000000000000","45.373537853586170","-122.586495878344510","","","","","01906  ","PARK PL FR                  ","","09206  ","NB EX PARK PL FR            ","","1","","9","10.14","45","1","INTER   ","False","3","3-LEG  ","False","False","False","","0","","","03","B","ANGL-OTH  ","6","TURN    ","4","INJ","1","CLR ","1","DRY ","1","DAY ","000","NONE      ","True","1","STATE ","","","","","","","02","NO-YIELD","01","TOO-FAST","","","0","0","0","False","False","False","True","False","6","25,001 to 50,000","4","URBAN HWY SYSTEM","IS","205  ","I-205     ","1","02B","293_27697","","False","2022-09-21 15:18:33","2","0","0","3","0","3","0","0","0","0","0","0","0","0","0","0","0","0","0","3","3","3","0","0","0","0","0","0","0","0","0","N"
"1949814","01041","2021-06-08 00:00:00","06","08","2021","3","16","4P ","15","Jackson","132","Medford","44","MEDFORD UA     ","16","U MN-ART","False","","","","","","","","","","","42","19","51.730000000000000","-122","53","24.680000000000000","42.331035588759626","-122.890187681431700","","","","","00417  ","COLUMBUS AVE                ","","01202  ","JACKSON ST                  ","","1","0","9","","35","1","INTER   ","False","1","CROSS  ","False","False","False","","0","","","04","B","ANGL-OTH  ","1","ANGL    ","5","PDO","1","CLR ","1","DRY ","1","DAY ","004","STOP SIGN ","True","3","CITY  ","","","","","","","02","NO-YIELD","","","","","","","0","False","False","False","False","False","7","50,001 to 100,000","3","URBAN CITY STREET ","","","","3","08 ","142_2614","","False","2022-12-19 06:10:37","2","0","0","0","0","0","0","3","0","0","0","0","0","0","0","0","0","0","0","3","3","3","0","0","0","0","0","0","0","0","0","N"
"1931912","02480","2021-08-27 00:00:00","08","27","2021","6","06","6A ","20","Lane","","","25","EUGN-SPR UA    ","11","U INTRST","True","001","  ","PACIFIC","2","0","MN","0","R","","000100200S00","43","59","43.040000000000000","-123","0","19.660000000000000","43.995289793141154","-123.005461971960510","","","","","","                            ","","","                            ","","","","0","188.24","65","5","CURVE   ","True","","","False","False","False","4","","1","RSDMD","01","8","FIX OBJ   ","9","FIX     ","4","INJ","1","CLR ","1","DRY ","4","DAWN","099","UNKNOWN   ","True","1","STATE ","043","GARDRAIL  ","010","SUB OTRN  ","","","16","FATIGUE ","","","","","0","0","0","False","False","False","False","False","","","8","SUBURBAN HWY SYSTEM","IS","5    ","I-5       ","2","05 ","293_2612","","False","2022-08-01 06:04:36","1","0","0","1","0","1","0","1","0","0","0","0","0","0","0","0","0","0","0","2","2","1","0","1","0","0","0","0","0","0","0","Y"
"1940279","00055","2021-01-30 00:00:00","01","30","2021","7","99","UNK","04","Clatsop","","","","","02","R PR-ART","True","047","  ","SUNSET","1","0","MN","0","R","","004700100S00","45","50","36.700000000000000","-123","31","25.300000000000000","45.843528510738370","-123.523693873533490","","","","","","                            ","","","                            ","","","","0","23.9","55","3","STRGHT  ","True","","","False","False","False","2","","0","NONE ","00","8","FIX OBJ   ","9","FIX     ","5","PDO","4","SLT ","3","SNO ","3","DARK","000","NONE      ","True","1","STATE ","043","GARDRAIL  ","","","","","33","RECKLESS","","","","","0","0","0","True","False","False","False","False","","","5","RURAL HWY SYSTEM","US","26   ","US 26     ","2","01 ","293_9569","","False","2022-10-08 20:11:56","1","0","0","0","0","0","0","1","0","0","0","0","0","0","0","0","0","0","0","1","1","0","0","1","0","0","0","0","0","0","0","Y"
"1915118","00504","2021-02-03 00:00:00","02","03","2021","4","08","8A ","26","Multnomah","247","Portland SW","57","PORTLAND UA    ","12","U FWY/XP","True","047","  ","SUNSET","1","0","MN","0","R","","004700100S00","45","30","28.220000000000000","-122","43","18.580000000000000","45.507837571720710","-122.721827372418800","","","","","02950  ","EB SUNSET HY                ","","09604  ","EB EX KNIGHTS BV C1         ","","1","","7","72.02","50","3","STRGHT  ","False","","","False","False","False","7","","1","RSDMD","04","C","S-STRGHT  ","5","SS-O    ","4","INJ","3","RAIN","2","WET ","1","DAY ","099","UNKNOWN   ","True","0","NONE  ","029","TIREFAIL  ","013","FORCED    ","","","25","TIREFAIL","","","","","","","","False","False","False","False","False","9","Over 200,000","2","PORTLAND HWY SYSTEM","US","26   ","US 26     ","1","02B","293_6531","","False","2022-09-21 16:58:27","6","0","0","0","1","1","0","5","0","0","0","0","0","0","0","0","0","0","0","6","6","1","0","5","0","0","0","0","0","0","0","Y"
"1934477","02454","2021-06-23 00:00:00","06","23","2021","4","14","2P ","34","Washington","18","Beaverton","57","PORTLAND UA    ","12","U FWY/XP","True","047","  ","SUNSET","1","6","CN","0","R","1","0047BF100S00","45","31","54.700000000000000","-122","50","33.580000000000000","45.531860373809120","-122.842662413781080","","","","","00322  ","NW BETHANY BLVD             ","","09251  ","EB EXTO BETHANY             ","","1","","9","65.68","","1","INTER   ","False","1","CROSS  ","False","False","False","","0","","","04","B","ANGL-OTH  ","1","ANGL    ","4","INJ","1","CLR ","1","DRY ","1","DAY ","001","TRF SIGNAL","True","3","CITY  ","","","","","","","04","DIS SIG ","","","","","","","0","False","False","False","False","False","7","50,001 to 100,000","4","URBAN HWY SYSTEM","US","26   ","US 26     ","1","02B","293_24498","","False","2022-09-21 13:36:26","2","0","0","1","0","1","0","1","0","0","0","0","0","0","0","0","0","0","0","2","2","2","0","0","0","0","0","0","0","0","0","N"
"1953329","00762","2021-09-30 00:00:00","09","30","2021","5","13","1P ","30","Umatilla","","","","","07","R MJ-COL","False","320","  ","LEXINGTON-ECHO","1","0","MN","0","R","","032000100S00","45","45","39.000000000000000","-119","12","9.080000000000000","45.760834555554900","-119.202521245916400","","","","","","                            ","","","                            ","","","","0","37.06","45","3","STRGHT  ","True","","","False","False","False","2","","0","NONE ","01","8","FIX OBJ   ","9","FIX     ","5","PDO","1","CLR ","1","DRY ","1","DAY ","099","UNKNOWN   ","True","1","STATE ","058","OTH SIGN  ","","","","","27","INATTENT","","","","","0","1","0","False","False","False","False","False","","","5","RURAL HWY SYSTEM","","","","5","12 ","293_2408","","False","2023-01-12 09:40:10","1","0","0","0","0","0","0","1","0","0","0","0","0","0","0","0","0","0","0","1","1","1","0","0","0","0","0","0","0","0","0","Y"
"1926110","00700","2021-10-29 00:00:00","10","29","2021","6","07","7A ","27","Polk","","","","","02","R PR-ART","True","030","  ","WILLAMINA-SALEM","1","0","MN","0","R","","003000100S00","44","55","56.930000000000000","-123","8","18.410000000000000","44.932481651431240","-123.138447471688610","","","","","","                            ","","","                            ","","","","0","20.75","55","2","ALLEY   ","False","","","False","False","False","4","","0","NONE ","06","C","S-STRGHT  ","3","REAR    ","4","INJ","3","RAIN","2","WET ","1","DAY ","000","NONE      ","True","1","STATE ","092","PHANTOM   ","089","OTHR CRASH","","","07","TOO-CLOS","","","","","0","0","0","False","False","False","False","False","","","5","RURAL HWY SYSTEM","OR","22   ","OR 22     ","2","03 ","293_21104","","False","2022-06-05 17:06:52","2","0","0","1","0","1","0","2","0","0","0","0","0","0","0","0","0","0","0","3","3","3","0","0","0","0","0","0","0","0","0","N"
"1923485","02205","2021-05-02 00:00:00","05","02","2021","1","11","11A","26","Multnomah","","","57","PORTLAND UA    ","19","U LOCAL ","False","","","","","","","","","","","45","27","45.320000000000000","-122","30","15.770000000000000","45.462589719272350","-122.504381372908610","","","","","00203  ","SE BARBARA WELCH RD         ","","00428  ","SE CLATSOP ST               ","","1","500","1","","35","3","STRGHT  ","False","","","False","False","False","2","","0","NONE ","03","C","S-STRGHT  ","5","SS-O    ","4","INJ","2","CLD ","1","DRY ","1","DAY ","099","UNKNOWN   ","True","2","COUNTY","","","","","","","06","IMP-OVER","","","","","0","0","0","False","False","False","False","False","","","9","SUBURBAN COUNTY ROAD","","","","1","02C","58_500491","","False","2022-05-08 20:58:30","2","0","0","0","1","1","0","1","0","0","0","0","0","0","0","0","0","0","0","2","2","2","0","0","0","0","0","0","0","0","0","N"
"1943073","01097","2021-03-28 00:00:00","03","28","2021","1","15","3P ","34","Washington","41","Cornelius","57","PORTLAND UA    ","14","U PR-ART","True","029","  ","TUALATIN VALLEY","1","0","MN","0","R","","002900100S00","45","31","12.200000000000000","-123","2","25.550000000000000","45.520055826346390","-123.040430418059710","","","","","02301  ","SW TUALATIN VALLEY HY       ","","05026  ","N 26TH AVE                  ","","1","","7","15.75","40","3","STRGHT  ","False","","","False","False","False","4","","0","NONE ","02","E","S-1STOP   ","3","REAR    ","5","PDO","3","RAIN","2","WET ","1","DAY ","009","CURVE     ","True","3","CITY  ","","","","","","","07","TOO-CLOS","","","","","0","0","0","False","False","False","False","False","5","10,001 to 25,000","4","URBAN HWY SYSTEM","OR","8    ","OR 8      ","1","02B","293_1536","","False","2022-10-26 08:04:59","2","0","0","0","0","0","0","3","0","0","0","0","0","0","0","0","0","0","0","3","3","2","1","0","0","0","0","0","0","0","0","N"
"1930624","04055","2021-10-29 00:00:00","10","29","2021","6","16","4P ","24","Marion","184","Salem","67","SALEM-KZ UA    ","16","U MN-ART","False","","","","","","","","","","","44","56","11.090000000000000","-123","1","11.090000000000000","44.936412923180310","-123.019748057074400","","","","","00465  ","COURT ST NE                 ","","08017  ","17TH ST NE                  ","","1","0","6","","","1","INTER   ","False","1","CROSS  ","False","False","False","","0","","","06","E","S-1STOP   ","3","REAR    ","4","INJ","1","CLR ","1","DRY ","1","DAY ","004","STOP SIGN ","True","0","NONE  ","","","","","","","29","F AVOID ","","","","","","","","False","False","False","False","False","8","100,001 to 200,000","3","URBAN CITY STREET ","","","","2","03 ","53_10003041","","False","2022-09-21 15:32:06","3","0","0","0","2","2","0","2","0","0","0","0","0","0","0","0","0","0","0","4","4","3","0","1","0","0","0","0","0","0","0","N"
"1940448","00396","2021-02-04 00:00:00","02","04","2021","5","18","6P ","34","Washington","68","Forest Grove","57","PORTLAND UA    ","19","U LOCAL ","False","","","","","","","","","","","45","31","15.280000000000000","-123","6","3.060000000000000","45.520910203910255","-123.100848743682600","","","","","05021  ","21ST AVE                    ","","00801  ","FILBERT ST                  ","","1","41","3","","25","3","STRGHT  ","False","","","False","False","True","2","","0","NONE ","06","C","S-STRGHT  ","5","SS-O    ","5","PDO","1","CLR ","1","DRY ","3","DARK","099","UNKNOWN   ","True","3","CITY  ","","","","","","","06","IMP-OVER","27","INATTENT","","","0","0","0","False","False","False","False","False","6","25,001 to 50,000","3","URBAN CITY STREET ","","","","1","01 ","58_203580","","False","2023-01-19 13:20:01","2","0","0","0","0","0","0","4","0","0","0","0","0","0","0","0","0","0","0","4","4","2","0","2","0","0","0","0","0","0","0","N"
"1936704","01172","2021-12-31 00:00:00","12","31","2021","6","17","5P ","18","Klamath","","","","","07","R MJ-COL","False","","","","","","","","","","","42","36","33.960000000000000","-121","47","58.760000000000000","42.609434301662600","-121.799655874644360","","","","","00858  ","SPRAGUE RIVER RD            ","","","                            ","","","","0","30.32","","5","CURVE   ","True","","","False","False","False","2","","0","NONE ","01","8","FIX OBJ   ","9","FIX     ","5","PDO","1","CLR ","4","ICE ","3","DARK","099","UNKNOWN   ","True","2","COUNTY","079","DITCH     ","010","SUB OTRN  ","062","TREE      ","01","TOO-FAST","","","","","0","0","","True","False","False","True","False","","","6","RURAL COUNTY ROAD","","","","4","11 ","49_4916011445","","False","2022-09-11 21:28:42","1","0","0","0","0","0","0","1","0","0","0","0","0","0","0","0","0","0","0","1","1","0","0","1","0","0","0","0","0","0","0","Y"
"1921258","06051","2021-09-30 00:00:00","09","30","2021","5","18","6P ","26","Multnomah","243","Portland NE","57","PORTLAND UA    ","11","U INTRST","True","002","  ","COLUMBIA RIVER","1","0","MN","0","R","","000200100S00","45","32","0.890000000000000","-122","37","53.020000000000000","45.533580020421620","-122.631393651960560","","","","","00305  ","BANFIELD FY                 ","","09512  ","EB EX 33RD AVE C1           ","","1","","2","2.15","55","5","CURVE   ","False","","","False","False","False","6","","1","RSDMD","04","E","S-1STOP   ","3","REAR    ","4","INJ","3","RAIN","2","WET ","1","DAY ","017","MEDIAN BAR","True","0","NONE  ","","","","","","","29","F AVOID ","","","","","","","","False","False","False","False","True","9","Over 200,000","2","PORTLAND HWY SYSTEM","IS","84   ","I-84      ","1","02B","293_3765","","False","2022-09-21 16:56:53","2","0","0","0","1","1","0","1","0","0","0","0","0","0","0","0","0","0","0","2","2","2","0","0","0","0","0","0","0","0","0","N"
"1926508","03342","2021-08-17 00:00:00","08","17","2021","3","15","3P ","34","Washington","211","Tigard","57","PORTLAND UA    ","11","U INTRST","True","001","  ","PACIFIC","1","0","MN","0","R","","000100100S00","45","24","21.070000000000000","-122","44","39.460000000000000","45.405853984195610","-122.744295749719820","","","","","01105  ","PACIFIC HY I-5              ","","09401  ","SB EX L BOONES F C4         ","","1","","0","291.15","55","3","STRGHT  ","False","","","False","False","False","4","","1","RSDMD","03","E","S-1STOP   ","3","REAR    ","4","INJ","1","CLR ","1","DRY ","1","DAY ","099","UNKNOWN   ","True","1","STATE ","","","","","","","29","F AVOID ","01","TOO-FAST","","","","","","False","False","False","True","False","7","50,001 to 100,000","4","URBAN HWY SYSTEM","IS","5    ","I-5       ","1","02B","293_2851","","False","2022-09-21 16:01:09","2","0","0","0","1","1","0","1","0","0","0","0","0","0","0","0","0","0","0","2","2","1","0","1","0","0","0","0","0","0","0","N"
"1947189","02859","2021-05-30 00:00:00","05","30","2021","1","17","5P ","26","Multnomah","83","Gresham","57","PORTLAND UA    ","14","U PR-ART","True","","","","","","","","","","","45","29","26.550000000000000","-122","28","3.830000000000000","45.490708637064120","-122.467729281613940","","","","","01920  ","W POWELL BLVD               ","","01928  ","W POWELL LP                 ","","2","0","9","","","1","INTER   ","False","3","3-LEG  ","False","False","False","","0","","","04","B","ANGL-OTH  ","6","TURN    ","5","PDO","1","CLR ","1","DRY ","1","DAY ","001","TRF SIGNAL","True","5","NO RPT","","","","","","","04","DIS SIG ","","","","","","","","False","False","False","False","False","8","100,001 to 200,000","3","URBAN CITY STREET ","","","","1","02C","58_170506","","False","2022-12-01 11:51:54","2","0","0","0","0","0","0","2","0","0","0","0","0","0","0","0","0","0","0","2","2","1","0","1","0","0","0","0","0","0","0","N"
"1942675","00621","2021-02-24 00:00:00","02","24","2021","4","05","5A ","24","Marion","236","Woodburn","85","WOODBURN UA    ","11","U INTRST","True","001","  ","PACIFIC","2","0","MN","0","R","","000100200S00","45","9","0.990000000000000","-122","52","52.650000000000000","45.150274251659160","-122.881290499189690","","","","","01105  ","PACIFIC HY I-5              ","","09201  ","NB EX HILLS-SILV C1         ","","1","","1","271.8","65","3","STRGHT  ","True","","","False","False","False","6","","2","DIVMD","07","8","FIX OBJ   ","9","FIX     ","5","PDO","2","CLD ","2","WET ","2","DLIT","099","UNKNOWN   ","True","1","STATE ","119","JERSEY BAR","","","","","10","OTHR-IMP","","","","","0","0","","False","False","False","False","False","6","25,001 to 50,000","4","URBAN HWY SYSTEM","IS","5    ","I-5       ","2","03 ","293_25172","","False","2023-06-12 18:16:03","1","0","0","0","0","0","0","1","0","0","0","0","0","0","0","0","0","0","0","1","1","1","0","0","0","0","0","0","0","0","0","Y"
"1936366","03577","2021-09-02 00:00:00","09","02","2021","5","12","12P","34","Washington","18","Beaverton","57","PORTLAND UA    ","14","U PR-ART","True","","","","","","","","","","","45","30","13.970000000000000","-122","49","35.830000000000000","45.503880230277120","-122.826619573669320","","","","","01201  ","SW JENKINS RD               ","","01525  ","SW MURRAY BLVD              ","","1","0","6","","45","1","INTER   ","False","1","CROSS  ","False","False","False","","0","","","06","E","S-1STOP   ","3","REAR    ","4","INJ","1","CLR ","1","DRY ","1","DAY ","001","TRF SIGNAL","True","3","CITY  ","","","","","","","27","INATTENT","29","F AVOID ","32","CARELESS","","","0","False","False","False","False","False","7","50,001 to 100,000","3","URBAN CITY STREET ","","","","1","02B","58_242461","","False","2022-09-21 13:36:26","2","0","0","1","2","3","0","1","0","0","0","0","0","0","0","0","0","0","0","4","4","3","1","0","0","0","0","0","0","0","0","N"
"1932081","01073","2021-11-08 00:00:00","11","08","2021","2","16","4P ","36","Yamhill","","","43","MCMINVL UA     ","14","U PR-ART","True","039","  ","SALMON RIVER","1","0","MN","0","R","","003900100S00","45","12","45.310000000000000","-123","6","17.920000000000000","45.212585783709905","-123.104977074989770","","","","","","                            ","","","                            ","","","","9","49.91","55","1","INTER   ","False","1","CROSS  ","False","False","False","","2","","","03","B","ANGL-OTH  ","6","TURN    ","4","INJ","1","CLR ","1","DRY ","1","DAY ","002","FLASHBCN-R","True","1","STATE ","013","FORCED    ","","","","","02","NO-YIELD","","","","","0","0","0","False","False","False","False","False","","","8","SUBURBAN HWY SYSTEM","OR","18   ","OR 18     ","2","03 ","293_6684","","False","2022-08-05 18:54:11","3","0","0","2","0","2","0","2","0","0","0","0","0","0","0","0","0","0","0","4","4","4","0","0","0","0","0","0","0","0","0","N"
"1950704","00490","2021-09-18 00:00:00","09","18","2021","7","10","10A","04","Clatsop","226","Warrenton","5","ASTORIA UA     ","14","U PR-ART","True","009","  ","OREGON COAST","1","0","MN","0","R","","000900100S00","46","9","25.450000000000000","-123","54","21.850000000000000","46.157068523306485","-123.906070279647580","","","","","01805  ","OREGON COAST HY             ","","01507  ","MARLIN DR                   ","","1","","6","7.16","45","3","STRGHT  ","False","","","True","False","False","2","","0","NONE ","04","E","S-1STOP   ","3","REAR    ","5","PDO","3","RAIN","2","WET ","1","DAY ","099","UNKNOWN   ","True","3","CITY  ","","","","","","","07","TOO-CLOS","","","","","0","0","0","False","False","False","False","False","4","5,001 to 10,000","4","URBAN HWY SYSTEM","US","101  ","US 101    ","2","01 ","293_27644","","False","2022-12-23 15:14:26","2","0","0","0","0","0","0","2","0","0","0","0","0","0","0","0","0","0","0","2","2","2","0","0","0","0","0","0","0","0","0","N"
"1958842","02886","2021-08-18 00:00:00","08","18","2021","4","13","1P ","20","Lane","","","","","08","R MN-COL","False","","","","","","","","","","","43","57","18.060000000000000","-124","6","32.530000000000000","43.955015628178536","-124.109036155401340","","","","","530000 ","S JETTY RD                  ","","OH009  ","                            ","","1","24","7","0.24","","3","STRGHT  ","True","","","False","False","False","2","","0","NONE ","01","8","FIX OBJ   ","9","FIX     ","5","PDO","1","CLR ","2","WET ","1","DAY ","099","UNKNOWN   ","True","0","NONE  ","079","DITCH     ","126","BOULDER   ","","","10","OTHR-IMP","","","","","","","","False","False","False","False","False","","","6","RURAL COUNTY ROAD","","","","2","05 ","277_27061","","False","2023-02-13 06:25:09","1","0","0","0","0","0","0","1","0","0","0","0","0","0","0","0","0","0","0","1","1","1","0","0","0","0","0","0","0","0","0","Y"
"1951703","04517","2021-10-23 00:00:00","10","23","2021","7","16","4P ","34","Washington","211","Tigard","57","PORTLAND UA    ","17","U MJ-COL","False","","","","","","","","","","","45","25","43.340000000000000","-122","46","30.680000000000000","45.428705178400130","-122.775189160835340","","","","","01501  ","SW MAIN ST                  ","","01901  ","SW PACIFIC HY 99W           ","","2","60","4","","","5","CURVE   ","False","","","True","False","False","2","","0","NONE ","08","C","S-STRGHT  ","5","SS-O    ","5","PDO","1","CLR ","2","WET ","1","DAY ","001","TRF SIGNAL","True","0","NONE  ","","","","","","","05","LEFT-CTR","","","","","","","","False","False","False","False","False","7","50,001 to 100,000","3","URBAN CITY STREET ","","","","1","02B","58_235268","","False","2023-01-04 20:05:15","2","0","0","0","0","0","0","3","0","0","0","0","0","0","0","0","0","0","0","3","3","2","0","1","0","0","0","0","0","0","0","N"
"1927507","01050","2021-10-23 00:00:00","10","23","2021","7","11","11A","17","Josephine","80","Grants Pass","31","GRNTS PS UA    ","14","U PR-ART","True","482","  ","REDWOOD SPUR","1","0","MN","0","R","","048200100S00","42","25","37.870000000000000","-123","19","11.380000000000000","42.427185595866600","-123.319828565058940","","","","","00914  ","GRANTS PASS PKY             ","","01909  ","PARKDALE DR                 ","","1","","2","-0.03","45","1","INTER   ","False","1","CROSS  ","False","False","False","","0","","","06","C","S-STRGHT  ","3","REAR    ","4","INJ","3","RAIN","2","WET ","1","DAY ","001","TRF SIGNAL","True","3","CITY  ","124","SLIPPERY  ","","","","","07","TOO-CLOS","","","","","0","0","0","False","False","False","False","False","6","25,001 to 50,000","4","URBAN HWY SYSTEM","US","199  ","US 199    ","3","08 ","293_91","","False","2022-09-21 14:29:03","2","0","0","0","1","1","0","1","0","0","0","0","0","0","0","0","0","0","0","2","2","2","0","0","0","0","0","0","0","0","1","N"
"1942615","00847","2021-02-12 00:00:00","02","12","2021","6","01","1A ","26","Multnomah","83","Gresham","57","PORTLAND UA    ","14","U PR-ART","True","","","","","","","","","","","45","31","30.030000000000000","-122","28","37.470000000000000","45.525007526015020","-122.477076210646710","","","","","00720  ","NE EVERETT ST               ","","05181  ","NE 181ST AVE                ","","1","0","9","","","1","INTER   ","False","3","3-LEG  ","False","False","False","","0","","","03","B","ANGL-OTH  ","6","TURN    ","5","PDO","6","SNOW","4","ICE ","2","DLIT","004","STOP SIGN ","True","5","NO RPT","057","STOPSIGN  ","","","","","02","NO-YIELD","03","PAS-STOP","","","","","","False","False","False","False","False","8","100,001 to 200,000","3","URBAN CITY STREET ","","","","1","02B","58_114607","","False","2022-10-24 08:23:48","2","0","0","0","0","0","0","2","0","0","0","0","0","0","0","0","0","0","0","2","2","0","0","2","0","0","0","0","0","0","0","N"
"1926568","00807","2021-12-08 00:00:00","12","08","2021","4","17","5P ","27","Polk","47","Dallas","23","DALLAS UA      ","17","U MJ-COL","False","","","","","","","","","","","44","55","22.380000000000000","-123","16","51.430000000000000","44.922884714486660","-123.280951855342000","","","","","00115  ","RHODODENDRON SE             ","","00807  ","FIR VILLA RD                ","","1","0","1","","35","1","INTER   ","False","3","3-LEG  ","False","False","False","","0","","","06","E","S-1STOP   ","3","REAR    ","4","INJ","1","CLR ","1","DRY ","2","DLIT","004","STOP SIGN ","True","3","CITY  ","","","","","","","32","CARELESS","27","INATTENT","","","0","0","0","False","False","False","False","False","5","10,001 to 25,000","3","URBAN CITY STREET ","","","","2","03 ","18_181500070","","False","2022-09-21 13:53:35","2","0","0","0","2","2","0","0","0","0","0","0","0","0","0","0","0","0","0","2","2","2","0","0","0","0","0","0","0","0","0","N"
"1918971","01363","2021-02-18 00:00:00","02","18","2021","5","11","11A","26","Multnomah","243","Portland NE","57","PORTLAND UA    ","14","U PR-ART","True","","","","","","","","","","","45","34","40.770000000000000","-122","39","1.290000000000000","45.577991358342466","-122.650359274056200","","","","","00472  ","NE COLUMBIA BLVD            ","","06014  ","NE 14TH PL                  ","","1","0","8","","","1","INTER   ","False","3","3-LEG  ","False","False","False","","0","","","06","E","S-1STOP   ","3","REAR    ","4","INJ","1","CLR ","1","DRY ","1","DAY ","099","UNKNOWN   ","True","0","NONE  ","","","","","","","29","F AVOID ","","","","","","","","False","False","False","False","False","9","Over 200,000","1","PORTLAND CITY STREET","","","","1","02B","58_104147","","False","2022-09-21 16:56:53","2","0","0","0","1","1","0","1","0","0","0","0","0","0","0","0","0","0","0","2","2","1","0","1","0","0","0","0","0","0","0","N"
"1925280","99990","2021-09-14 00:00:00","09","14","2021","3","21","9P ","24","Marion","","","","","09","R LOCAL ","False","","","","","","","","","","","44","59","49.910000000000000","-123","3","25.260000000000000","44.997196288231030","-123.057017902552340","","","","","00701  ","CHEMAWA RD N A              ","","","                            ","","","","0","0.82","35","3","STRGHT  ","True","","","False","False","False","2","","0","NONE ","01","8","FIX OBJ   ","9","FIX     ","2","FAT","1","CLR ","1","DRY ","3","DARK","000","NONE      ","True","3","CITY  ","079","DITCH     ","062","TREE      ","","","30","SPEED   ","27","INATTENT","","","0","0","","True","True","False","True","False","","","6","RURAL COUNTY ROAD","","","","2","03 ","53_10116969","","False","2022-05-29 18:47:26","1","1","0","0","0","0","0","0","0","0","0","0","0","0","0","0","0","0","0","1","1","0","1","0","1","0","0","0","0","1","0","Y"
"1937162","06882","2021-10-29 00:00:00","10","29","2021","6","17","5P ","26","Multnomah","245","Portland SE","57","PORTLAND UA    ","14","U PR-ART","True","068","  ","CASCADE HWY NORTH","1","0","MN","0","R","","006800100S00","45","28","46.120000000000000","-122","34","44.450000000000000","45.479477332247270","-122.579014874134540","","","","","02658  ","SE WOODSTOCK BLVD           ","","05082  ","SE 82ND AVE                 ","","1","","5","5.98","30","1","INTER   ","False","1","CROSS  ","False","False","False","","0","","","06","E","S-1STOP   ","3","REAR    ","4","INJ","1","CLR ","1","DRY ","1","DAY ","001","TRF SIGNAL","True","5","NO RPT","","","","","","","29","F AVOID ","","","","","","","","False","False","False","False","False","9","Over 200,000","2","PORTLAND HWY SYSTEM","OR","213  ","OR 213    ","1","02B","293_21278","","False","2022-09-21 16:57:57","2","0","0","0","1","1","0","2","0","0","0","0","0","0","0","0","0","0","0","3","3","1","0","2","0","0","0","0","0","0","0","N"
"1918742","00530","2021-03-05 00:00:00","03","05","2021","6","16","4P ","20","Lane","64","Eugene","25","EUGN-SPR UA    ","14","U PR-ART","True","227","  ","EUGENE-SPRINGFIELD","1","6","CN","0","R","1","0227AI100S00","44","3","48.690000000000000","-123","4","41.890000000000000","44.063524296642340","-123.078303641257050","","","","","00445  ","COBURG RD                   ","","01808  ","OAKWAY RD                   ","","1","","9","2.1","","1","INTER   ","False","5","5-LEG  ","False","False","False","","1","","","03","B","ANGL-OTH  ","6","TURN    ","4","INJ","1","CLR ","2","WET ","1","DAY ","001","TRF SIGNAL","True","5","NO RPT","","","","","","","04","DIS SIG ","","","","","","","","False","False","False","False","False","8","100,001 to 200,000","4","URBAN HWY SYSTEM","IS","105  ","I-105     ","2","05 ","293_7439","","False","2022-09-21 14:19:06","2","0","0","1","0","1","0","2","0","0","0","0","0","0","0","0","0","0","0","3","3","2","0","1","0","0","0","0","0","0","1","N"
